[
    {
        "label": "Получатель",
        "abbreviation": "",
        "type": "Agent",
        "hasStatement": [
            "получатель isActorOf выплата вознаграждения",
            "получатель isActorOf согласование акта",
            "получатель isActorOf размещение логотипа и ссылки",
            "получатель isActorOf выплата вознаграждения",
            "получатель isActorOf согласование акта",
            "получатель isActorOf размещение логотипа и ссылки"
        ],
        "chunk_id": "51"
    },
    {
        "label": "Выплата вознаграждения",
        "abbreviation": "",
        "type": "Process",
        "hasStatement": [
            "выплата вознаграждения hasActor получатель",
            "выплата вознаграждения hasResource вознаграждение",
            "выплата вознаграждения hasActor получатель"
        ],
        "chunk_id": "51"
    },
    {
        "label": "Согласование Акта",
        "abbreviation": "",
        "type": "Process",
        "hasStatement": [
            "согласование акта hasActor получатель",
            "согласование акта hasActor нко",
            "согласование акта hasResource акт",
            "согласование акта hasActor получатель",
            "согласование акта hasActor нко",
            "согласование акта hasResource акт"
        ],
        "chunk_id": "51"
    },
    {
        "label": "Размещение логотипа и ссылки",
        "abbreviation": "",
        "type": "Process",
        "hasStatement": [
            "размещение логотипа и ссылки hasActor получатель",
            "размещение логотипа и ссылки hasResource логотип",
            "размещение логотипа и ссылки hasResource гипертекстовая ссылка",
            "размещение логотипа и ссылки hasResource интернет-магазин",
            "размещение логотипа и ссылки hasActor получатель",
            "размещение логотипа и ссылки hasResource логотип",
            "размещение логотипа и ссылки hasResource гипертекстовая ссылка",
            "размещение логотипа и ссылки hasResource интернет-магазин"
        ],
        "chunk_id": "51"
    },
    {
        "label": "НКО",
        "abbreviation": "",
        "type": "Agent",
        "hasStatement": [
            "нко isActorOf согласование акта",
            "нко isActorOf отключение интернет-магазина",
            "нко isActorOf приостановка исполнения договора",
            "нко isActorOf согласование акта",
            "нко isActorOf отключение интернет-магазина",
            "нко isActorOf приостановка исполнения договора"
        ],
        "chunk_id": "51"
    },
    {
        "label": "Отключение Интернет-магазина",
        "abbreviation": "",
        "type": "Process",
        "hasStatement": [
            "отключение интернет-магазина hasActor нко",
            "отключение интернет-магазина hasActor нко"
        ],
        "chunk_id": "51"
    },
    {
        "label": "Приостановка исполнения Договора",
        "abbreviation": "",
        "type": "Process",
        "hasStatement": [
            "приостановка исполнения договора hasActor нко",
            "приостановка исполнения договора hasActor нко"
        ],
        "chunk_id": "51"
    },
    {
        "label": "вознаграждение",
        "abbreviation": "",
        "type": "Resource",
        "hasStatement": [
            "вознаграждение isResourceOf выплата вознаграждения"
        ],
        "chunk_id": "51"
    },
    {
        "label": "Акт",
        "abbreviation": "",
        "type": "Resource",
        "hasStatement": [
            "акт isResourceOf согласование акта",
            "акт isResourceOf согласование акта"
        ],
        "chunk_id": "51"
    },
    {
        "label": "логотип",
        "abbreviation": "",
        "type": "Resource",
        "hasStatement": [
            "логотип isResourceOf размещение логотипа и ссылки",
            "логотип isResourceOf размещение логотипа и ссылки"
        ],
        "chunk_id": "51"
    },
    {
        "label": "гипертекстовая ссылка",
        "abbreviation": "",
        "type": "Resource",
        "hasStatement": [
            "гипертекстовая ссылка isResourceOf размещение логотипа и ссылки",
            "гипертекстовая ссылка isResourceOf размещение логотипа и ссылки"
        ],
        "chunk_id": "51"
    },
    {
        "label": "Интернет-магазин",
        "abbreviation": "",
        "type": "Resource",
        "hasStatement": [
            "интернет-магазин isResourceOf размещение логотипа и ссылки",
            "интернет-магазин isResourceOf размещение логотипа и ссылки"
        ],
        "chunk_id": "51"
    },
    {
        "label": "нарушение требований",
        "abbreviation": "",
        "type": "Event",
        "hasStatement": [
            "нарушение требований Initiates отключение интернет-магазина",
            "нарушение требований Initiates приостановка исполнения договора"
        ],
        "chunk_id": "51"
    }
]