[
    {
        "label": "смена Аутентификационных данных",
        "abbreviation": "",
        "type": "Process",
        "hasStatement": [
            "смена аутентификационных данных hasResult новые аутентификационные данные",
            "смена аутентификационных данных hasResult новые аутентификационные данные"
        ],
        "chunk_id": "16"
    },
    {
        "label": "новые Аутентификационные данные",
        "abbreviation": "",
        "type": "Resource",
        "hasStatement": [
            "новые аутентификационные данные isResultOf смена аутентификационных данных",
            "новые аутентификационные данные isResultOf смена аутентификационных данных"
        ],
        "chunk_id": "16"
    },
    {
        "label": "Стороны",
        "abbreviation": "",
        "type": "Agent",
        "hasStatement": [
            "стороны initiates смена аутентификационных данных"
        ],
        "chunk_id": "16"
    }
]