[
    {
        "label": "изменение организационно-правовой формы",
        "abbreviation": "",
        "type": "Event",
        "hasStatement": [
            "изменение организационно-правовой фо Initiates уведомление другой стороны",
            "изменение организационно-правовой фо Initiates переход прав и обязанностей"
        ],
        "chunk_id": "64"
    },
    {
        "label": "ликвидация",
        "abbreviation": "",
        "type": "Event",
        "hasStatement": [
            "ликвидация Initiates уведомление другой стороны"
        ],
        "chunk_id": "64"
    },
    {
        "label": "реорганизация",
        "abbreviation": "",
        "type": "Event",
        "hasStatement": [
            "реорганизация Initiates переход прав и обязанностей"
        ],
        "chunk_id": "64"
    },
    {
        "label": "уведомление другой стороны",
        "abbreviation": "",
        "type": "Process",
        "hasStatement": [
            "уведомление другой стороны hasActor сторона",
            "уведомление другой стороны hasResource решение"
        ],
        "chunk_id": "64"
    },
    {
        "label": "переход прав и обязанностей",
        "abbreviation": "",
        "type": "Process",
        "hasStatement": [
            "переход прав и обязанностей hasResource права и обязанности по договору"
        ],
        "chunk_id": "64"
    },
    {
        "label": "сторона",
        "abbreviation": "",
        "type": "Agent",
        "hasStatement": [
            "сторона isActorOf уведомление другой стороны"
        ],
        "chunk_id": "64"
    },
    {
        "label": "правопреемник",
        "abbreviation": "",
        "type": "Agent",
        "hasStatement": [],
        "chunk_id": "64"
    },
    {
        "label": "права и обязанности по договору",
        "abbreviation": "",
        "type": "Resource",
        "hasStatement": [
            "права и обязанности по договору isResourceOf переход прав и обязанностей",
            "права и обязанности по договору isPartOf договор"
        ],
        "chunk_id": "64"
    },
    {
        "label": "договор",
        "abbreviation": "",
        "type": "Resource",
        "hasStatement": [
            "договор hasPart права и обязанности по договору"
        ],
        "chunk_id": "64"
    },
    {
        "label": "решение",
        "abbreviation": "",
        "type": "Resource",
        "hasStatement": [
            "решение isResourceOf уведомление другой стороны"
        ],
        "chunk_id": "64"
    }
]