[
    {
        "label": "Операция возврата Перевода",
        "abbreviation": "",
        "type": "Process",
        "hasStatement": [
            "операция возврата перевода relation получатель",
            "операция возврата перевода relation личный кабинет",
            "операция возврата перевода relation возврат денежных средств",
            "операция возврата перевода hasResource личный кабинет",
            "операция возврата перевода hasActor получатель"
        ],
        "chunk_id": "108"
    },
    {
        "label": "Получатель",
        "abbreviation": "",
        "type": "Agent",
        "hasStatement": [
            "получатель relation операция возврата перевода",
            "получатель isActorOf операция возврата перевода",
            "получатель isActorOf информационно технологическое взаимодей",
            "получатель relation информационно технологическое взаимодей"
        ],
        "chunk_id": "108"
    },
    {
        "label": "Личный кабинет",
        "abbreviation": "",
        "type": "Resource",
        "hasStatement": [
            "личный кабинет relation операция возврата перевода",
            "личный кабинет isResourceOf операция возврата перевода"
        ],
        "chunk_id": "108"
    },
    {
        "label": "Возврат денежных средств",
        "abbreviation": "",
        "type": "Process",
        "hasStatement": [
            "возврат денежных средств relation операция возврата перевода",
            "возврат денежных средств hasActor нко",
            "возврат денежных средств hasActor плательщик",
            "возврат денежных средств relation нко",
            "возврат денежных средств relation плательщик",
            "возврат денежных средств relation денежные средства",
            "возврат денежных средств hasResource денежные средства"
        ],
        "chunk_id": "108"
    },
    {
        "label": "НКО",
        "abbreviation": "",
        "type": "Agent",
        "hasStatement": [
            "нко isActorOf информационно технологическое взаимодей",
            "нко isActorOf возврат денежных средств",
            "нко relation информационно технологическое взаимодей",
            "нко relation возврат денежных средств"
        ],
        "chunk_id": "108"
    },
    {
        "label": "Информационно-технологическое взаимодействие",
        "abbreviation": "",
        "type": "Process",
        "hasStatement": [
            "информационно технологическое взаимодей hasActor нко",
            "информационно технологическое взаимодей hasActor получатель",
            "информационно технологическое взаимодей hasActor эмитент",
            "информационно технологическое взаимодей relation нко",
            "информационно технологическое взаимодей relation получатель",
            "информационно технологическое взаимодей relation эмитент"
        ],
        "chunk_id": "108"
    },
    {
        "label": "Эмитент",
        "abbreviation": "",
        "type": "Agent",
        "hasStatement": [
            "эмитент isActorOf информационно технологическое взаимодей",
            "эмитент relation информационно технологическое взаимодей"
        ],
        "chunk_id": "108"
    },
    {
        "label": "Плательщик",
        "abbreviation": "",
        "type": "Agent",
        "hasStatement": [
            "плательщик isActorOf возврат денежных средств",
            "плательщик relation возврат денежных средств"
        ],
        "chunk_id": "108"
    },
    {
        "label": "Денежные средства",
        "abbreviation": "",
        "type": "Resource",
        "hasStatement": [
            "денежные средства relation возврат денежных средств",
            "денежные средства isResourceOf возврат денежных средств",
            "денежные средства isPartOf сумма перечисления",
            "денежные средства relation сумма перечисления"
        ],
        "chunk_id": "108"
    },
    {
        "label": "Сумма Перечисления",
        "abbreviation": "",
        "type": "Resource",
        "hasStatement": [
            "сумма перечисления hasPart денежные средства",
            "сумма перечисления relation денежные средства"
        ],
        "chunk_id": "108"
    }
]