[
    {
        "label": "Стороны",
        "abbreviation": "",
        "type": "Agent",
        "hasStatement": [
            "стороны isActorOf переговоры"
        ],
        "chunk_id": "88"
    },
    {
        "label": "Переговоры",
        "abbreviation": "",
        "type": "Process",
        "hasStatement": [
            "переговоры hasActor стороны"
        ],
        "chunk_id": "88"
    },
    {
        "label": "Договор",
        "abbreviation": "",
        "type": "Resource",
        "hasStatement": [
            "договор relation споры"
        ],
        "chunk_id": "88"
    },
    {
        "label": "Споры",
        "abbreviation": "",
        "type": "Event",
        "hasStatement": [
            "споры relation договор",
            "споры Initiates переговоры"
        ],
        "chunk_id": "88"
    },
    {
        "label": "Направление претензий",
        "abbreviation": "",
        "type": "Process",
        "hasStatement": [
            "направление претензий hasPart курьерская доставка",
            "направление претензий hasResource претензия",
            "направление претензий hasResource телеграмма"
        ],
        "chunk_id": "88"
    },
    {
        "label": "Курьерская доставка",
        "abbreviation": "",
        "type": "Process",
        "hasStatement": [
            "курьерская доставка isPartOf направление претензий",
            "курьерская доставка isResourceOf адрес нко",
            "курьерская доставка isActorOf получатель"
        ],
        "chunk_id": "88"
    },
    {
        "label": "Претензия",
        "abbreviation": "",
        "type": "Resource",
        "hasStatement": [
            "претензия isResourceOf направление претензий"
        ],
        "chunk_id": "88"
    },
    {
        "label": "Ответ на претензию",
        "abbreviation": "",
        "type": "Process",
        "hasStatement": [],
        "chunk_id": "88"
    },
    {
        "label": "Адрес НКО",
        "abbreviation": "",
        "type": "Resource",
        "hasStatement": [
            "адрес нко hasResource курьерская доставка",
            "адрес нко hasResource доставка в офис стороны"
        ],
        "chunk_id": "88"
    },
    {
        "label": "Получатель",
        "abbreviation": "",
        "type": "Agent",
        "hasStatement": [
            "получатель hasActor курьерская доставка",
            "получатель hasActor доставка в офис стороны"
        ],
        "chunk_id": "88"
    },
    {
        "label": "Доставка в офис Стороны",
        "abbreviation": "",
        "type": "Process",
        "hasStatement": [
            "доставка в офис стороны isResourceOf адрес нко",
            "доставка в офис стороны isActorOf получатель"
        ],
        "chunk_id": "88"
    },
    {
        "label": "Телеграмма",
        "abbreviation": "",
        "type": "Resource",
        "hasStatement": [
            "телеграмма isResourceOf направление претензий"
        ],
        "chunk_id": "88"
    },
    {
        "label": "Место нахождения",
        "abbreviation": "",
        "type": "Resource",
        "hasStatement": [
            "место нахождения relation егрюл егрип"
        ],
        "chunk_id": "88"
    },
    {
        "label": "ЕГРЮЛ/ЕГРИП",
        "abbreviation": "",
        "type": "Resource",
        "hasStatement": [
            "егрюл егрип relation место нахождения"
        ],
        "chunk_id": "88"
    }
]