[
    {
        "label": "Получатель",
        "abbreviation": "",
        "type": "Agent",
        "hasStatement": [
            "получатель isActorOf направление заявления"
        ],
        "chunk_id": "60"
    },
    {
        "label": "направление заявления",
        "abbreviation": "",
        "type": "Process",
        "hasStatement": [
            "направление заявления hasActor получатель",
            "направление заявления hasResource заявление"
        ],
        "chunk_id": "60"
    },
    {
        "label": "ограничение",
        "abbreviation": "",
        "type": "Resource",
        "hasStatement": [],
        "chunk_id": "60"
    },
    {
        "label": "список возможных ограничений",
        "abbreviation": "",
        "type": "Resource",
        "hasStatement": [
            "список возможных ограничений isPartOf сайт нко"
        ],
        "chunk_id": "60"
    },
    {
        "label": "Сайт НКО",
        "abbreviation": "",
        "type": "Resource",
        "hasStatement": [
            "сайт нко hasPart список возможных ограничений"
        ],
        "chunk_id": "60"
    },
    {
        "label": "НКО",
        "abbreviation": "",
        "type": "Agent",
        "hasStatement": [],
        "chunk_id": "60"
    },
    {
        "label": "заявление",
        "abbreviation": "",
        "type": "Resource",
        "hasStatement": [
            "заявление isResourceOf направление заявления"
        ],
        "chunk_id": "60"
    },
    {
        "label": "Личный кабинет",
        "abbreviation": "",
        "type": "Resource",
        "hasStatement": [],
        "chunk_id": "60"
    },
    {
        "label": "бумажный носитель",
        "abbreviation": "",
        "type": "Resource",
        "hasStatement": [],
        "chunk_id": "60"
    }
]