[
    {
        "label": "НКО",
        "abbreviation": "",
        "type": "Agent",
        "hasStatement": [
            "нко isActorOf перечисление",
            "нко Initiates перечисление"
        ],
        "chunk_id": "72"
    },
    {
        "label": "Перечисление",
        "abbreviation": "",
        "type": "Process",
        "hasStatement": [
            "перечисление hasActor нко",
            "перечисление hasResult дата списания",
            "перечисление hasResource банковским реквизитам получателя",
            "перечисление hasResource банковским реквизитам получателя",
            "перечисление hasResource заявление на перечисление",
            "перечисление hasResult дата списания",
            "перечисление hasResource корреспондентского счета нко"
        ],
        "chunk_id": "72"
    },
    {
        "label": "дата списания",
        "abbreviation": "",
        "type": "Event",
        "hasStatement": [
            "дата списания isResultOf перечисление",
            "дата списания isResultOf перечисление"
        ],
        "chunk_id": "72"
    },
    {
        "label": "банковским реквизитам Получателя",
        "abbreviation": "",
        "type": "Resource",
        "hasStatement": [
            "банковским реквизитам получателя isResourceOf перечисление",
            "банковским реквизитам получателя isResourceOf перечисление"
        ],
        "chunk_id": "72"
    },
    {
        "label": "Заявление на перечисление",
        "abbreviation": "",
        "type": "Resource",
        "hasStatement": [
            "заявление на перечисление isResourceOf перечисление",
            "заявление на перечисление relation получатель"
        ],
        "chunk_id": "72"
    },
    {
        "label": "Получатель",
        "abbreviation": "",
        "type": "Agent",
        "hasStatement": [
            "получатель relation заявление на перечисление"
        ],
        "chunk_id": "72"
    },
    {
        "label": "корреспондентского счета НКО",
        "abbreviation": "",
        "type": "Resource",
        "hasStatement": [
            "корреспондентского счета нко isResourceOf перечисление"
        ],
        "chunk_id": "72"
    },
    {
        "label": "Расчет вознаграждения",
        "abbreviation": "",
        "type": "Process",
        "hasStatement": [
            "расчет вознаграждения hasResource бизнес-счет",
            "расчет вознаграждения hasResource бизнес-счет"
        ],
        "chunk_id": "72"
    },
    {
        "label": "Бизнес-счет",
        "abbreviation": "",
        "type": "Resource",
        "hasStatement": [
            "бизнес-счет isResourceOf расчет вознаграждения",
            "бизнес-счет isResourceOf расчет вознаграждения"
        ],
        "chunk_id": "72"
    }
]