[
    {
        "label": "Получатель",
        "abbreviation": "",
        "type": "Agent",
        "hasStatement": [
            "получатель isActorOf направление сообщения",
            "получатель isActorOf предоставление документов и информации"
        ],
        "chunk_id": "111"
    },
    {
        "label": "направление сообщения",
        "abbreviation": "",
        "type": "Process",
        "hasStatement": [
            "направление сообщения hasActor получатель",
            "направление сообщения hasResource сообщение"
        ],
        "chunk_id": "111"
    },
    {
        "label": "предоставление документов и информации",
        "abbreviation": "",
        "type": "Process",
        "hasStatement": [
            "предоставление документов и информации hasActor получатель",
            "предоставление документов и информации hasResource документы",
            "предоставление документов и информации hasResource информация",
            "предоставление документов и информации hasResource бумажный носитель",
            "предоставление документов и информации hasResource подпись уполномоченного представителя"
        ],
        "chunk_id": "111"
    },
    {
        "label": "НКО",
        "abbreviation": "",
        "type": "Agent",
        "hasStatement": [
            "нко isActorOf отправка запроса"
        ],
        "chunk_id": "111"
    },
    {
        "label": "отправка Запроса",
        "abbreviation": "",
        "type": "Process",
        "hasStatement": [
            "отправка запроса hasActor нко",
            "отправка запроса hasResource запрос"
        ],
        "chunk_id": "111"
    },
    {
        "label": "уполномоченный представитель Получателя",
        "abbreviation": "",
        "type": "Agent",
        "hasStatement": [
            "уполномоченный представитель получателя isResponsibleFor подпись уполномоченного представителя"
        ],
        "chunk_id": "111"
    },
    {
        "label": "подпись уполномоченного представителя",
        "abbreviation": "",
        "type": "Resource",
        "hasStatement": [
            "подпись уполномоченного представителя hasResponsible уполномоченный представитель получателя",
            "подпись уполномоченного представителя isResourceOf предоставление документов и информации"
        ],
        "chunk_id": "111"
    },
    {
        "label": "Запрос",
        "abbreviation": "",
        "type": "Resource",
        "hasStatement": [
            "запрос isResourceOf отправка запроса"
        ],
        "chunk_id": "111"
    },
    {
        "label": "сообщение",
        "abbreviation": "",
        "type": "Resource",
        "hasStatement": [
            "сообщение isResourceOf направление сообщения"
        ],
        "chunk_id": "111"
    },
    {
        "label": "документы",
        "abbreviation": "",
        "type": "Resource",
        "hasStatement": [
            "документы isResourceOf предоставление документов и информации"
        ],
        "chunk_id": "111"
    },
    {
        "label": "информация",
        "abbreviation": "",
        "type": "Resource",
        "hasStatement": [
            "информация isResourceOf предоставление документов и информации"
        ],
        "chunk_id": "111"
    },
    {
        "label": "бумажный носитель",
        "abbreviation": "",
        "type": "Resource",
        "hasStatement": [
            "бумажный носитель isResourceOf предоставление документов и информации"
        ],
        "chunk_id": "111"
    }
]