[
    {
        "label": "недействительный перевод",
        "abbreviation": "",
        "type": "Unknown",
        "hasStatement": [
            "недействительный перевод isResultOf признание перевода"
        ],
        "chunk_id": "68"
    },
    {
        "label": "основание",
        "abbreviation": "",
        "type": "Unknown",
        "hasStatement": [
            "основание Initiates признание перевода"
        ],
        "chunk_id": "68"
    },
    {
        "label": "признание перевода",
        "abbreviation": "",
        "type": "Process",
        "hasStatement": [
            "признание перевода hasResult недействительный перевод"
        ],
        "chunk_id": "68"
    },
    {
        "label": "поступление информации",
        "abbreviation": "",
        "type": "Unknown",
        "hasStatement": [
            "поступление информации Initiates взаимодействие",
            "поступление информации relation реализация запрещенных услуг",
            "поступление информации relation нко",
            "поступление информации relation получатель"
        ],
        "chunk_id": "68"
    },
    {
        "label": "реализация запрещенных услуг",
        "abbreviation": "",
        "type": "Resource",
        "hasStatement": [
            "реализация запрещенных услуг relation поступление информации"
        ],
        "chunk_id": "68"
    },
    {
        "label": "нко",
        "abbreviation": "",
        "type": "Agent",
        "hasStatement": [
            "нко relation поступление информации",
            "нко relation поступление сведений"
        ],
        "chunk_id": "68"
    },
    {
        "label": "получатель",
        "abbreviation": "",
        "type": "Agent",
        "hasStatement": [
            "получатель relation поступление информации",
            "получатель relation поступление сведений"
        ],
        "chunk_id": "68"
    },
    {
        "label": "стороны",
        "abbreviation": "",
        "type": "Agent",
        "hasStatement": [
            "стороны isActorOf взаимодействие"
        ],
        "chunk_id": "68"
    },
    {
        "label": "взаимодействие",
        "abbreviation": "",
        "type": "Unknown",
        "hasStatement": [
            "взаимодействие hasActor стороны",
            "взаимодействие isPartOf приложение 4",
            "взаимодействие isResourceOf приложение 4"
        ],
        "chunk_id": "68"
    },
    {
        "label": "приложение 4",
        "abbreviation": "",
        "type": "Resource",
        "hasStatement": [
            "приложение 4 hasPart взаимодействие",
            "приложение 4 isPartOf договор",
            "приложение 4 hasResource взаимодействие"
        ],
        "chunk_id": "68"
    },
    {
        "label": "договор",
        "abbreviation": "",
        "type": "Resource",
        "hasStatement": [
            "договор hasPart приложение 4",
            "договор hasPart приложение 5"
        ],
        "chunk_id": "68"
    },
    {
        "label": "поступление сведений",
        "abbreviation": "",
        "type": "Unknown",
        "hasStatement": [
            "поступление сведений Initiates взаимодействие 02",
            "поступление сведений relation эквайрер",
            "поступление сведений relation нко",
            "поступление сведений relation документы",
            "поступление сведений relation нарушение правил",
            "поступление сведений relation плательщик",
            "поступление сведений relation получатель"
        ],
        "chunk_id": "68"
    },
    {
        "label": "эквайрер",
        "abbreviation": "",
        "type": "Agent",
        "hasStatement": [
            "эквайрер relation поступление сведений"
        ],
        "chunk_id": "68"
    },
    {
        "label": "документы",
        "abbreviation": "",
        "type": "Resource",
        "hasStatement": [
            "документы relation поступление сведений"
        ],
        "chunk_id": "68"
    },
    {
        "label": "нарушение правил",
        "abbreviation": "",
        "type": "Event",
        "hasStatement": [
            "нарушение правил relation поступление сведений"
        ],
        "chunk_id": "68"
    },
    {
        "label": "плательщик",
        "abbreviation": "",
        "type": "Agent",
        "hasStatement": [
            "плательщик relation поступление сведений"
        ],
        "chunk_id": "68"
    },
    {
        "label": "взаимодействие 02",
        "abbreviation": "",
        "type": "Unknown",
        "hasStatement": [
            "взаимодействие 02 isPartOf приложение 5",
            "взаимодействие 02 isResourceOf приложение 5"
        ],
        "chunk_id": "68"
    },
    {
        "label": "приложение 5",
        "abbreviation": "",
        "type": "Resource",
        "hasStatement": [
            "приложение 5 hasPart взаимодействие 02",
            "приложение 5 isPartOf договор",
            "приложение 5 hasResource взаимодействие 02"
        ],
        "chunk_id": "68"
    }
]