[
    {
        "label": "подключения получателя к системе",
        "abbreviation": "",
        "type": "Process",
        "hasStatement": [
            "подключения получателя к системе hasActor получатель",
            "подключения получателя к системе hasResource Ру\"@ru"
        ],
        "chunk_id": "34"
    },
    {
        "label": "Ру\"@ru",
        "abbreviation": "",
        "type": "Unknown",
        "hasStatement": [
            "Ру\"@ru isResourceOf подключения получателя к системе"
        ],
        "chunk_id": "34"
    },
    {
        "label": "Получатель",
        "abbreviation": "",
        "type": "Agent",
        "hasStatement": [
            "получатель isActorOf подключения получателя к системе"
        ],
        "chunk_id": "34"
    },
    {
        "label": "система монета ру",
        "abbreviation": "",
        "type": "Resource",
        "hasStatement": [],
        "chunk_id": "34"
    }
]