[
    {
        "label": "Получатель",
        "abbreviation": "",
        "type": "Agent",
        "hasStatement": [
            "получатель isResponsibleFor информация и документы"
        ],
        "chunk_id": "114"
    },
    {
        "label": "информация и документы",
        "abbreviation": "",
        "type": "Resource",
        "hasStatement": [
            "информация и документы hasResponsible получатель"
        ],
        "chunk_id": "114"
    },
    {
        "label": "НКО",
        "abbreviation": "",
        "type": "Agent",
        "hasStatement": [
            "нко isActorOf повторное подключение получателя",
            "нко isActorOf возобновление расчетов по переводам",
            "нко isActorOf направление уведомления"
        ],
        "chunk_id": "114"
    },
    {
        "label": "повторное подключение Получателя/Интернет-магазина",
        "abbreviation": "",
        "type": "Process",
        "hasStatement": [
            "повторное подключение получателя hasActor нко",
            "повторное подключение получателя hasResource РУ\"@ru"
        ],
        "chunk_id": "114"
    },
    {
        "label": "возобновление расчетов по Переводам",
        "abbreviation": "",
        "type": "Process",
        "hasStatement": [
            "возобновление расчетов по переводам hasActor нко",
            "возобновление расчетов по переводам hasResource переводы"
        ],
        "chunk_id": "114"
    },
    {
        "label": "направление уведомления",
        "abbreviation": "",
        "type": "Process",
        "hasStatement": [
            "направление уведомления hasActor нко",
            "направление уведомления hasResource уведомление",
            "направление уведомления hasResource адрес электронной почты"
        ],
        "chunk_id": "114"
    },
    {
        "label": "система монета ру",
        "abbreviation": "",
        "type": "Resource",
        "hasStatement": [],
        "chunk_id": "114"
    },
    {
        "label": "РУ\"@ru",
        "abbreviation": "",
        "type": "Unknown",
        "hasStatement": [
            "РУ\"@ru isResourceOf повторное подключение получателя"
        ],
        "chunk_id": "114"
    },
    {
        "label": "Переводы",
        "abbreviation": "",
        "type": "Resource",
        "hasStatement": [
            "переводы isResourceOf возобновление расчетов по переводам"
        ],
        "chunk_id": "114"
    },
    {
        "label": "уведомление",
        "abbreviation": "",
        "type": "Resource",
        "hasStatement": [
            "уведомление isResourceOf направление уведомления"
        ],
        "chunk_id": "114"
    },
    {
        "label": "адрес электронной почты",
        "abbreviation": "",
        "type": "Resource",
        "hasStatement": [
            "адрес электронной почты isResourceOf направление уведомления",
            "адрес электронной почты isPartOf личный кабинет"
        ],
        "chunk_id": "114"
    },
    {
        "label": "Личный кабинет",
        "abbreviation": "",
        "type": "Resource",
        "hasStatement": [
            "личный кабинет hasPart адрес электронной почты"
        ],
        "chunk_id": "114"
    }
]