[
    {
        "label": "Получатель",
        "abbreviation": "",
        "type": "Agent",
        "hasStatement": [
            "Получатель isActorOf предоставление информации и докумен"
        ],
        "chunk_id": "26"
    },
    {
        "label": "предоставление информации и документов",
        "abbreviation": "",
        "type": "Process",
        "hasStatement": [
            "предоставление информации и докумен hasActor Получатель",
            "предоставление информации и докумен hasResult информация и документы",
            "предоставление информации и докумен hasResult информация и документы",
            "предоставление информации и докумен hasResult поступление информации и документо",
            "предоставление информации и докумен hasResult поступление информации и докуменto"
        ],
        "chunk_id": "26"
    },
    {
        "label": "НКО",
        "abbreviation": "",
        "type": "Agent",
        "hasStatement": [
            "НКО isActorOf повторное подключение Получателя",
            "НКО isActorOf возобновление осуществления расчё",
            "НКО isActorOf направление уведомления"
        ],
        "chunk_id": "26"
    },
    {
        "label": "повторное подключение Получателя",
        "abbreviation": "",
        "type": "Process",
        "hasStatement": [
            "повторное подключение Получателя hasActor НКО",
            "повторное подключение Получателя hasResource РУ\"@ru",
            "повторное подключение Получателя hasResource Система МОНЕТА РУ"
        ],
        "chunk_id": "26"
    },
    {
        "label": "возобновление осуществления расчетов",
        "abbreviation": "",
        "type": "Process",
        "hasStatement": [
            "возобновление осуществления расчё hasActor НКО",
            "возобновление осуществления расчё hasResource Переводы",
            "возобновление осуществления расчё hasResource Переводы"
        ],
        "chunk_id": "26"
    },
    {
        "label": "направление уведомления",
        "abbreviation": "",
        "type": "Process",
        "hasStatement": [
            "направление уведомления hasActor НКО",
            "направление уведомления hasResult уведомление",
            "направление уведомления hasResource адрес электронной почты",
            "направление уведомления hasResult уведомление",
            "направление уведомления hasResource адрес электронной почты"
        ],
        "chunk_id": "26"
    },
    {
        "label": "информация и документы",
        "abbreviation": "",
        "type": "Resource",
        "hasStatement": [
            "информация и документы isResultOf предоставление информации и докумен",
            "информация и документы isResultOf предоставление информации и докумен"
        ],
        "chunk_id": "26"
    },
    {
        "label": "Система МОНЕТА РУ",
        "abbreviation": "",
        "type": "Resource",
        "hasStatement": [
            "Система МОНЕТА РУ isResourceOf повторное подключение Получателя"
        ],
        "chunk_id": "26"
    },
    {
        "label": "РУ\"@ru",
        "abbreviation": "",
        "type": "Unknown",
        "hasStatement": [
            "РУ\"@ru isResourceOf повторное подключение Получателя"
        ],
        "chunk_id": "26"
    },
    {
        "label": "Переводы",
        "abbreviation": "",
        "type": "Resource",
        "hasStatement": [
            "Переводы isResourceOf возобновление осуществления расчё",
            "Переводы isResourceOf возобновление осуществления расчё"
        ],
        "chunk_id": "26"
    },
    {
        "label": "уведомление",
        "abbreviation": "",
        "type": "Resource",
        "hasStatement": [
            "уведомление isResultOf направление уведомления",
            "уведомление isResultOf направление уведомления"
        ],
        "chunk_id": "26"
    },
    {
        "label": "адрес электронной почты",
        "abbreviation": "",
        "type": "Resource",
        "hasStatement": [
            "адрес электронной почты isResourceOf направление уведомления",
            "адрес электронной почты isPartOf Личный кабинет",
            "адрес электронной почты isPartOf Личный кабинет",
            "адрес электронной почты isResourceOf направление уведомления"
        ],
        "chunk_id": "26"
    },
    {
        "label": "Личный кабинет",
        "abbreviation": "",
        "type": "Resource",
        "hasStatement": [
            "Личный кабинет hasPart адрес электронной почты",
            "Личный кабинет hasPart адрес электронной почты"
        ],
        "chunk_id": "26"
    },
    {
        "label": "поступление информации и документо",
        "abbreviation": "",
        "type": "Unknown",
        "hasStatement": [
            "поступление информации и документо isResultOf предоставление информации и докумен"
        ],
        "chunk_id": "26"
    },
    {
        "label": "поступление информации и документов",
        "abbreviation": "",
        "type": "Event",
        "hasStatement": [
            "поступление информации и докуменto Initiates повторное подключение Получателя",
            "поступление информации и докуменto Initiates возобновление осуществления расчё",
            "поступление информации и докуменto Initiates направление уведомления",
            "поступление информации и докуменto isResultOf предоставление информации и докумен"
        ],
        "chunk_id": "26"
    }
]