[
    {
        "label": "Сторона",
        "abbreviation": "",
        "type": "Agent",
        "hasStatement": [
            "сторона isActorOf освобождение от ответственности"
        ],
        "chunk_id": "97"
    },
    {
        "label": "освобождение от ответственности",
        "abbreviation": "",
        "type": "Process",
        "hasStatement": [
            "освобождение от ответственности hasActor сторона"
        ],
        "chunk_id": "97"
    },
    {
        "label": "неисполнение обязательств",
        "abbreviation": "",
        "type": "Event",
        "hasStatement": [
            "неисполнение обязательств Initiates освобождение от ответственности"
        ],
        "chunk_id": "97"
    },
    {
        "label": "обстоятельства непреодолимой силы",
        "abbreviation": "",
        "type": "Event",
        "hasStatement": [],
        "chunk_id": "97"
    }
]