[
    {
        "label": "уведомление нко об изменении доменного имени",
        "abbreviation": "",
        "type": "Process",
        "hasStatement": [
            "уведомление нко об изменении домен hasResource изменение доменного имени",
            "уведомление нко об изменении домен hasActor нко"
        ],
        "chunk_id": "52"
    },
    {
        "label": "изменение доменного имени",
        "abbreviation": "",
        "type": "Resource",
        "hasStatement": [
            "изменение доменного имени isResourceOf уведомление нко об изменении домен"
        ],
        "chunk_id": "52"
    },
    {
        "label": "нко",
        "abbreviation": "",
        "type": "Unknown",
        "hasStatement": [
            "нко isActorOf уведомление нко об изменении домен",
            "нко isActorOf отключение интернет-магазина",
            "нко isActorOf приостановка исполнения договора",
            "нко isActorOf сообщение нко сведений документа"
        ],
        "chunk_id": "52"
    },
    {
        "label": "отключение интернет-магазина",
        "abbreviation": "",
        "type": "Process",
        "hasStatement": [
            "отключение интернет-магазина hasResource интернет-магазин",
            "отключение интернет-магазина hasActor нко"
        ],
        "chunk_id": "52"
    },
    {
        "label": "интернет-магазин",
        "abbreviation": "",
        "type": "Resource",
        "hasStatement": [
            "интернет-магазин isResourceOf отключение интернет-магазина"
        ],
        "chunk_id": "52"
    },
    {
        "label": "приостановка исполнения договора",
        "abbreviation": "",
        "type": "Process",
        "hasStatement": [
            "приостановка исполнения договора hasResource договор",
            "приостановка исполнения договора hasActor нко"
        ],
        "chunk_id": "52"
    },
    {
        "label": "договор",
        "abbreviation": "",
        "type": "Resource",
        "hasStatement": [
            "договор isResourceOf приостановка исполнения договора"
        ],
        "chunk_id": "52"
    },
    {
        "label": "сообщение нко сведений документа",
        "abbreviation": "",
        "type": "Process",
        "hasStatement": [
            "сообщение нко сведений документа hasResource сведения документа",
            "сообщение нко сведений документа hasResource документ подтверждающий право",
            "сообщение нко сведений документа hasResource идентификационные данные",
            "сообщение нко сведений документа hasResource место нахождения",
            "сообщение нко сведений документа hasResource копии документов",
            "сообщение нко сведений документа hasActor нко",
            "сообщение нко сведений документа hasActor получатель"
        ],
        "chunk_id": "52"
    },
    {
        "label": "сведения документа",
        "abbreviation": "",
        "type": "Resource",
        "hasStatement": [
            "сведения документа isResourceOf сообщение нко сведений документа"
        ],
        "chunk_id": "52"
    },
    {
        "label": "документ подтверждающий право",
        "abbreviation": "",
        "type": "Resource",
        "hasStatement": [
            "документ подтверждающий право isResourceOf сообщение нко сведений документа"
        ],
        "chunk_id": "52"
    },
    {
        "label": "идентификационные данные",
        "abbreviation": "",
        "type": "Resource",
        "hasStatement": [
            "идентификационные данные isResourceOf сообщение нко сведений документа"
        ],
        "chunk_id": "52"
    },
    {
        "label": "место нахождения",
        "abbreviation": "",
        "type": "Resource",
        "hasStatement": [
            "место нахождения isResourceOf сообщение нко сведений документа"
        ],
        "chunk_id": "52"
    },
    {
        "label": "копии документов",
        "abbreviation": "",
        "type": "Resource",
        "hasStatement": [
            "копии документов isResourceOf сообщение нко сведений документа"
        ],
        "chunk_id": "52"
    },
    {
        "label": "Получатель",
        "abbreviation": "",
        "type": "Agent",
        "hasStatement": [
            "получатель Initiates сообщение нко сведений документа",
            "получатель isActorOf сообщение нко сведений документа"
        ],
        "chunk_id": "52"
    },
    {
        "label": "единоличный исполнительный орган",
        "abbreviation": "",
        "type": "Agent",
        "hasStatement": [],
        "chunk_id": "52"
    },
    {
        "label": "бенефициарный владелец",
        "abbreviation": "",
        "type": "Agent",
        "hasStatement": [],
        "chunk_id": "52"
    },
    {
        "label": "иностранный гражданин",
        "abbreviation": "",
        "type": "Agent",
        "hasStatement": [],
        "chunk_id": "52"
    }
]