[
    {
        "label": "Смена Аутентификационных данных",
        "abbreviation": "",
        "type": "Process",
        "hasStatement": [
            "смена аутентификационных данных hasResult новые аутентификационные данные"
        ],
        "chunk_id": "105"
    },
    {
        "label": "Аутентификационные данные",
        "abbreviation": "",
        "type": "Resource",
        "hasStatement": [
            "аутентификационные данные isResourceOf экстренное прекращение действия"
        ],
        "chunk_id": "105"
    },
    {
        "label": "Экстренное прекращение действия",
        "abbreviation": "",
        "type": "Process",
        "hasStatement": [
            "экстренное прекращение действия hasResource аутентификационные данные"
        ],
        "chunk_id": "105"
    },
    {
        "label": "Стороны",
        "abbreviation": "",
        "type": "Agent",
        "hasStatement": [
            "стороны Initiates смена аутентификационных данных"
        ],
        "chunk_id": "105"
    },
    {
        "label": "НКО",
        "abbreviation": "",
        "type": "Agent",
        "hasStatement": [
            "нко Initiates экстренное прекращение действия"
        ],
        "chunk_id": "105"
    },
    {
        "label": "Компрометация Аутентификационных данных",
        "abbreviation": "",
        "type": "Event",
        "hasStatement": [],
        "chunk_id": "105"
    },
    {
        "label": "Новые Аутентификационные данные",
        "abbreviation": "",
        "type": "Resource",
        "hasStatement": [
            "новые аутентификационные данные isResultOf смена аутентификационных данных"
        ],
        "chunk_id": "105"
    }
]