[
    {
        "label": "Получатель",
        "abbreviation": "",
        "type": "Agent",
        "hasStatement": [
            "получатель isResponsibleFor заявление на перечисление",
            "получатель isResponsibleFor заявление на перечисление по операц"
        ],
        "chunk_id": "6"
    },
    {
        "label": "Заявление на перечисление",
        "abbreviation": "",
        "type": "Resource",
        "hasStatement": [
            "заявление на перечисление hasResponsible получатель",
            "заявление на перечисление relation личный кабинет",
            "заявление на перечисление relation договор"
        ],
        "chunk_id": "6"
    },
    {
        "label": "Заявление на перечисление по Операции возврата Перевода",
        "abbreviation": "",
        "type": "Resource",
        "hasStatement": [
            "заявление на перечисление по операц hasResponsible получатель",
            "заявление на перечисление по операц isResourceOf операция возврата перевода",
            "заявление на перечисление по операц relation приложение №3 к договору",
            "заявление на перечисление по операц relation личный кабинет"
        ],
        "chunk_id": "6"
    },
    {
        "label": "Личный кабинет",
        "abbreviation": "",
        "type": "Resource",
        "hasStatement": [
            "личный кабинет relation заявление на перечисление",
            "личный кабинет relation заявление на перечисление по операц"
        ],
        "chunk_id": "6"
    },
    {
        "label": "Договор",
        "abbreviation": "",
        "type": "Resource",
        "hasStatement": [
            "договор relation заявление на перечисление",
            "договор hasPart приложение №3 к договору"
        ],
        "chunk_id": "6"
    },
    {
        "label": "Интернет-магазин",
        "abbreviation": "",
        "type": "Agent",
        "hasStatement": [],
        "chunk_id": "6"
    },
    {
        "label": "Операция возврата Перевода",
        "abbreviation": "",
        "type": "Process",
        "hasStatement": [
            "операция возврата перевода hasResource заявление на перечисление по операц"
        ],
        "chunk_id": "6"
    },
    {
        "label": "Приложение №3 к Договору",
        "abbreviation": "",
        "type": "Resource",
        "hasStatement": [
            "приложение №3 к договору relation заявление на перечисление по операц",
            "приложение №3 к договору isPartOf договор"
        ],
        "chunk_id": "6"
    }
]