[
    {
        "label": "НКО",
        "abbreviation": "",
        "type": "Agent",
        "hasStatement": [
            "нко relation вознаграждение",
            "нко relation тариф",
            "нко relation тариф"
        ],
        "chunk_id": "71"
    },
    {
        "label": "вознаграждение",
        "abbreviation": "",
        "type": "Resource",
        "hasStatement": [
            "вознаграждение relation нко",
            "вознаграждение relation тариф",
            "вознаграждение relation получатель",
            "вознаграждение relation получатель"
        ],
        "chunk_id": "71"
    },
    {
        "label": "Тариф",
        "abbreviation": "",
        "type": "Resource",
        "hasStatement": [
            "тариф relation нко",
            "тариф relation вознаграждение",
            "тариф relation нко"
        ],
        "chunk_id": "71"
    },
    {
        "label": "Получатель",
        "abbreviation": "",
        "type": "Agent",
        "hasStatement": [
            "получатель relation вознаграждение",
            "получатель relation вознаграждение"
        ],
        "chunk_id": "71"
    }
]