[
    {
        "label": "небанковская кредитная организация монета",
        "abbreviation": "",
        "type": "Unknown",
        "hasStatement": [
            "небанковская кредитная организация монета isResponsibleFor иннкпп 1215192632 121501001",
            "небанковская кредитная организация монета isResponsibleFor оквэдокпо 64",
            "небанковская кредитная организация монета isResponsibleFor юридический адрес йошкар-ола ул г",
            "небанковская кредитная организация монета isResponsibleFor почтовый адрес йошкар-ола ул гог",
            "небанковская кредитная организация монета isResponsibleFor email documents@support"
        ],
        "chunk_id": "11"
    },
    {
        "label": "Договор о переводах без открытия банковского счета",
        "abbreviation": "",
        "type": "Resource",
        "hasStatement": [
            "договор о переводах без открытия с hasPart приложение 1"
        ],
        "chunk_id": "11"
    },
    {
        "label": "Приложение №1",
        "abbreviation": "",
        "type": "Resource",
        "hasStatement": [
            "приложение 1 isPartOf договор о переводах без открытия с"
        ],
        "chunk_id": "11"
    },
    {
        "label": "ФОРМА АКТА ОБ ОКАЗАНИИ УСЛУГ",
        "abbreviation": "",
        "type": "Resource",
        "hasStatement": [],
        "chunk_id": "11"
    },
    {
        "label": "ИНН/КПП 1215192632 / 121501001",
        "abbreviation": "",
        "type": "Resource",
        "hasStatement": [
            "иннкпп 1215192632 121501001 hasResponsible небанковская кредитная организация монета"
        ],
        "chunk_id": "11"
    },
    {
        "label": "оквэдокпо 64",
        "abbreviation": "",
        "type": "Unknown",
        "hasStatement": [
            "оквэдокпо 64 hasResponsible небанковская кредитная организация монета"
        ],
        "chunk_id": "11"
    },
    {
        "label": "19 38024380",
        "abbreviation": "",
        "type": "Unknown",
        "hasStatement": [],
        "chunk_id": "11"
    },
    {
        "label": "19",
        "abbreviation": "",
        "type": "Unknown",
        "hasStatement": [],
        "chunk_id": "11"
    },
    {
        "label": "юридический адрес йошкар-ола ул г",
        "abbreviation": "",
        "type": "Resource",
        "hasStatement": [
            "юридический адрес йошкар-ола ул г hasResponsible небанковская кредитная организация монета"
        ],
        "chunk_id": "11"
    },
    {
        "label": "Йошкар-Ола,",
        "abbreviation": "",
        "type": "Unknown",
        "hasStatement": [],
        "chunk_id": "11"
    },
    {
        "label": "Гоголя,",
        "abbreviation": "",
        "type": "Unknown",
        "hasStatement": [],
        "chunk_id": "11"
    },
    {
        "label": "2,",
        "abbreviation": "",
        "type": "Unknown",
        "hasStatement": [],
        "chunk_id": "11"
    },
    {
        "label": "почтовый адрес йошкар-ола ул гог",
        "abbreviation": "",
        "type": "Resource",
        "hasStatement": [
            "почтовый адрес йошкар-ола ул гог hasResponsible небанковская кредитная организация монета"
        ],
        "chunk_id": "11"
    },
    {
        "label": "email documents@support",
        "abbreviation": "",
        "type": "Unknown",
        "hasStatement": [
            "email documents@support hasResponsible небанковская кредитная организация монета"
        ],
        "chunk_id": "11"
    },
    {
        "label": "moneta",
        "abbreviation": "",
        "type": "Unknown",
        "hasStatement": [],
        "chunk_id": "11"
    },
    {
        "label": "ru",
        "abbreviation": "",
        "type": "Unknown",
        "hasStatement": [],
        "chunk_id": "11"
    },
    {
        "label": "ru\"@ru",
        "abbreviation": "",
        "type": "Unknown",
        "hasStatement": [],
        "chunk_id": "11"
    }
]