[
    {
        "label": "исключение получателя из егрюл",
        "abbreviation": "",
        "type": "Unknown",
        "hasStatement": [
            "исключение получателя из егрюл Initiates прекращение договора",
            "исключение получателя из егрюл Initiates прекращение договора"
        ],
        "chunk_id": "96"
    },
    {
        "label": "прекращение договора",
        "abbreviation": "",
        "type": "Process",
        "hasStatement": [],
        "chunk_id": "96"
    },
    {
        "label": "нко",
        "abbreviation": "",
        "type": "Unknown",
        "hasStatement": [
            "нко isActorOf отнесение невостребованного остатка в доход",
            "нко isActorOf отнесение невостребованного остатка в доход"
        ],
        "chunk_id": "96"
    },
    {
        "label": "отнесение невостребованного остатка в доход",
        "abbreviation": "",
        "type": "Process",
        "hasStatement": [
            "отнесение невостребованного остатка в доход hasActor нко",
            "отнесение невостребованного остатка в доход hasResource невостребованный остаток денежных средств",
            "отнесение невостребованного остатка в доход hasActor нко",
            "отнесение невостребованного остатка в доход hasResource невостребованный остаток денежных средств"
        ],
        "chunk_id": "96"
    },
    {
        "label": "невостребованный остаток денежных средств",
        "abbreviation": "",
        "type": "Unknown",
        "hasStatement": [
            "невостребованный остаток денежных средств isResourceOf отнесение невостребованного остатка в доход",
            "невостребованный остаток денежных средств canBeResourceFor возврат невостребованного остатка",
            "невостребованный остаток денежных средств isResourceOf отнесение невостребованного остатка в доход",
            "невостребованный остаток денежных средств canBeResourceFor возврат невостребованного остатка"
        ],
        "chunk_id": "96"
    },
    {
        "label": "возврат невостребованного остатка",
        "abbreviation": "",
        "type": "Process",
        "hasStatement": [],
        "chunk_id": "96"
    }
]