[
    {
        "label": "Небанковская кредитная организация МОНЕТА",
        "abbreviation": "",
        "type": "Agent",
        "hasStatement": [
            "небанковская кредитная организация монета isActorOf перевод денежных средств"
        ],
        "chunk_id": "3"
    },
    {
        "label": "перевод денежных средств",
        "abbreviation": "",
        "type": "Process",
        "hasStatement": [
            "перевод денежных средств hasActor небанковская кредитная организация монета",
            "перевод денежных средств hasActor юридические лица",
            "перевод денежных средств hasActor индивидуальные предприниматели",
            "перевод денежных средств hasResource РУ\"@ru"
        ],
        "chunk_id": "3"
    },
    {
        "label": "Банк России",
        "abbreviation": "",
        "type": "Agent",
        "hasStatement": [
            "банк россии isResponsibleFor лицензия банка россии 3508-к"
        ],
        "chunk_id": "3"
    },
    {
        "label": "Лицензия Банка России № 3508-К",
        "abbreviation": "",
        "type": "Resource",
        "hasStatement": [
            "лицензия банка россии 3508-к hasResponsible банк россии"
        ],
        "chunk_id": "3"
    },
    {
        "label": "юридические лица",
        "abbreviation": "",
        "type": "Agent",
        "hasStatement": [
            "юридические лица isActorOf перевод денежных средств",
            "юридические лица isActorOf осуществление информационно-технологического"
        ],
        "chunk_id": "3"
    },
    {
        "label": "осуществление информационно-технологического взаимодействия",
        "abbreviation": "",
        "type": "Process",
        "hasStatement": [
            "осуществление информационно-технологического hasActor юридические лица",
            "осуществление информационно-технологического hasActor индивидуальные предприниматели"
        ],
        "chunk_id": "3"
    },
    {
        "label": "индивидуальные предприниматели",
        "abbreviation": "",
        "type": "Agent",
        "hasStatement": [
            "индивидуальные предприниматели isActorOf перевод денежных средств",
            "индивидуальные предприниматели isActorOf осуществление информационно-технологического"
        ],
        "chunk_id": "3"
    },
    {
        "label": "Договор",
        "abbreviation": "",
        "type": "Resource",
        "hasStatement": [
            "договор isResourceOf размещение текста договора на сайте"
        ],
        "chunk_id": "3"
    },
    {
        "label": "размещение текста Договора на Сайте",
        "abbreviation": "",
        "type": "Process",
        "hasStatement": [
            "размещение текста договора на сайте hasResource договор",
            "размещение текста договора на сайте hasResource сайт нко"
        ],
        "chunk_id": "3"
    },
    {
        "label": "система монета ру",
        "abbreviation": "",
        "type": "Resource",
        "hasStatement": [],
        "chunk_id": "3"
    },
    {
        "label": "РУ\"@ru",
        "abbreviation": "",
        "type": "Unknown",
        "hasStatement": [
            "РУ\"@ru isResourceOf перевод денежных средств"
        ],
        "chunk_id": "3"
    },
    {
        "label": "Сайт НКО",
        "abbreviation": "",
        "type": "Resource",
        "hasStatement": [
            "сайт нко isResourceOf размещение текста договора на сайте"
        ],
        "chunk_id": "3"
    }
]