[
    {
        "label": "Отказ в исполнении распоряжения",
        "abbreviation": "",
        "type": "Process",
        "hasStatement": [
            "отказ в исполнении распоряжения hasResource распоряжение плательщика",
            "отказ в исполнении распоряжения hasResource правила внутреннего контроля",
            "отказ в исполнении распоряжения hasResult решение об отказе",
            "отказ в исполнении распоряжения hasResource распоряжение плательщика",
            "отказ в исполнении распоряжения hasResource правила внутреннего контроля",
            "отказ в исполнении распоряжения hasResult информация о дате и причинах",
            "отказ в исполнении распоряжения hasActor нко",
            "отказ в исполнении распоряжения hasResult решение об отказе"
        ],
        "chunk_id": "39"
    },
    {
        "label": "Распоряжение плательщика",
        "abbreviation": "",
        "type": "Resource",
        "hasStatement": [
            "распоряжение плательщика isResourceOf отказ в исполнении распоряжения",
            "распоряжение плательщика isResourceOf отказ в исполнении распоряжения",
            "распоряжение плательщика hasResponsible плательщик"
        ],
        "chunk_id": "39"
    },
    {
        "label": "Правила внутреннего контроля",
        "abbreviation": "",
        "type": "Resource",
        "hasStatement": [
            "правила внутреннего контроля isResourceOf отказ в исполнении распоряжения",
            "правила внутреннего контроля isResourceOf отказ в исполнении распоряжения"
        ],
        "chunk_id": "39"
    },
    {
        "label": "Решение об отказе",
        "abbreviation": "",
        "type": "Event",
        "hasStatement": [
            "решение об отказе isResultOf отказ в исполнении распоряжения",
            "решение об отказе isResultOf отказ в исполнении распоряжения"
        ],
        "chunk_id": "39"
    },
    {
        "label": "Информация о дате и причинах",
        "abbreviation": "",
        "type": "Resource",
        "hasStatement": [
            "информация о дате и причинах isResultOf отказ в исполнении распоряжения",
            "информация о дате и причинах hasResponsible нко"
        ],
        "chunk_id": "39"
    },
    {
        "label": "НКО",
        "abbreviation": "",
        "type": "Agent",
        "hasStatement": [
            "нко isActorOf отказ в исполнении распоряжения",
            "нко isResponsibleFor информация о дате и причинах"
        ],
        "chunk_id": "39"
    },
    {
        "label": "Плательщик",
        "abbreviation": "",
        "type": "Agent",
        "hasStatement": [
            "плательщик isResponsibleFor распоряжение плательщика"
        ],
        "chunk_id": "39"
    },
    {
        "label": "Подозрение легализации",
        "abbreviation": "",
        "type": "Event",
        "hasStatement": [
            "подозрение легализации Initiates отказ в исполнении распоряжения"
        ],
        "chunk_id": "39"
    }
]