[
    {
        "label": "нко монета ооо 02",
        "abbreviation": "",
        "type": "Unknown",
        "hasStatement": [
            "нко монета ооо 02 isActorOf открыть прием переводов",
            "нко монета ооо 02 isActorOf установить тариф",
            "нко монета ооо 02 isActorOf установить набор платежных инструментов",
            "нко монета ооо 02 isActorOf предоставить возможность получения и пе"
        ],
        "chunk_id": "30"
    },
    {
        "label": "получатель",
        "abbreviation": "",
        "type": "Unknown",
        "hasStatement": [
            "получатель isResponsibleFor сообщение"
        ],
        "chunk_id": "30"
    },
    {
        "label": "физические лица",
        "abbreviation": "",
        "type": "Unknown",
        "hasStatement": [
            "физические лица isResponsibleFor переводы"
        ],
        "chunk_id": "30"
    },
    {
        "label": "система монетару",
        "abbreviation": "",
        "type": "Unknown",
        "hasStatement": [
            "система монетару isActorOf предоставить возможность получения и пе"
        ],
        "chunk_id": "30"
    },
    {
        "label": "РУ\"@ru",
        "abbreviation": "",
        "type": "Unknown",
        "hasStatement": [],
        "chunk_id": "30"
    },
    {
        "label": "Договор",
        "abbreviation": "",
        "type": "Resource",
        "hasStatement": [],
        "chunk_id": "30"
    },
    {
        "label": "Тарифы",
        "abbreviation": "",
        "type": "Resource",
        "hasStatement": [],
        "chunk_id": "30"
    },
    {
        "label": "тариф",
        "abbreviation": "",
        "type": "Unknown",
        "hasStatement": [
            "тариф isResourceOf установить тариф"
        ],
        "chunk_id": "30"
    },
    {
        "label": "набор платежных инструментов",
        "abbreviation": "",
        "type": "Unknown",
        "hasStatement": [
            "набор платежных инструментов isResourceOf установить набор платежных инструментов"
        ],
        "chunk_id": "30"
    },
    {
        "label": "информация о переводах",
        "abbreviation": "",
        "type": "Resource",
        "hasStatement": [],
        "chunk_id": "30"
    },
    {
        "label": "сообщение",
        "abbreviation": "",
        "type": "Resource",
        "hasStatement": [
            "сообщение hasResponsible получатель",
            "сообщение hasPart уведомление о согласии с исполнением тр",
            "сообщение hasPart мотивированный отказ от исполнения требовани"
        ],
        "chunk_id": "30"
    },
    {
        "label": "уведомление о согласии с исполнением тр",
        "abbreviation": "",
        "type": "Unknown",
        "hasStatement": [
            "уведомление о согласии с исполнением тр isPartOf сообщение"
        ],
        "chunk_id": "30"
    },
    {
        "label": "мотивированный отказ от исполнения требовани",
        "abbreviation": "",
        "type": "Unknown",
        "hasStatement": [
            "мотивированный отказ от исполнения требовани isPartOf сообщение"
        ],
        "chunk_id": "30"
    },
    {
        "label": "Требование",
        "abbreviation": "",
        "type": "Resource",
        "hasStatement": [],
        "chunk_id": "30"
    },
    {
        "label": "переводы",
        "abbreviation": "",
        "type": "Unknown",
        "hasStatement": [
            "переводы hasResponsible физические лица",
            "переводы isResourceOf открыть прием переводов"
        ],
        "chunk_id": "30"
    },
    {
        "label": "открыть прием переводов",
        "abbreviation": "",
        "type": "Process",
        "hasStatement": [
            "открыть прием переводов hasActor нко монета ооо 02",
            "открыть прием переводов hasResource переводы"
        ],
        "chunk_id": "30"
    },
    {
        "label": "установить Тариф",
        "abbreviation": "",
        "type": "Process",
        "hasStatement": [
            "установить тариф hasActor нко монета ооо 02",
            "установить тариф hasResource тариф"
        ],
        "chunk_id": "30"
    },
    {
        "label": "установить набор платежных инструментов",
        "abbreviation": "",
        "type": "Process",
        "hasStatement": [
            "установить набор платежных инструментов hasActor нко монета ооо 02",
            "установить набор платежных инструментов hasResource набор платежных инструментов"
        ],
        "chunk_id": "30"
    },
    {
        "label": "предоставить возможность получения и передачи информации",
        "abbreviation": "",
        "type": "Process",
        "hasStatement": [
            "предоставить возможность получения и пе hasActor нко монета ооо 02",
            "предоставить возможность получения и пе hasActor система монетару"
        ],
        "chunk_id": "30"
    }
]