[
    {
        "label": "Небанковская кредитная организация «МОНЕТА»",
        "abbreviation": "",
        "type": "Agent",
        "hasStatement": [
            "небанковская кредитная организация монета relation лицензия банка россии",
            "небанковская кредитная организация монета relation лицензия банка россии"
        ],
        "chunk_id": "99"
    },
    {
        "label": "Лицензия Банка России № 3508-К от 29 ноября 2017 года",
        "abbreviation": "",
        "type": "Resource",
        "hasStatement": [
            "лицензия банка россии relation небанковская кредитная организация монета",
            "лицензия банка россии hasResponsible банк россии",
            "лицензия банка россии relation небанковская кредитная организация монета",
            "лицензия банка россии relation банк россии"
        ],
        "chunk_id": "99"
    },
    {
        "label": "Банк России",
        "abbreviation": "",
        "type": "Agent",
        "hasStatement": [
            "банк россии isResponsibleFor лицензия банка россии",
            "банк россии relation лицензия банка россии"
        ],
        "chunk_id": "99"
    }
]