[
    {
        "label": "Получатель",
        "abbreviation": "",
        "type": "Agent",
        "hasStatement": [
            "получатель isActorOf рассмотрение требования",
            "получатель isActorOf рассмотрение требования",
            "получатель isActorOf направление ответа"
        ],
        "chunk_id": "117"
    },
    {
        "label": "рассмотрение Требования",
        "abbreviation": "",
        "type": "Process",
        "hasStatement": [
            "рассмотрение требования hasActor получатель",
            "рассмотрение требования hasResource требование",
            "рассмотрение требования hasResult уведомление о согласии с исполнением тре",
            "рассмотрение требования hasResult мотивированный отказ от исполнения тре",
            "рассмотрение требования hasResource требование",
            "рассмотрение требования hasResult уведомление о согласии с исполнением тре",
            "рассмотрение требования hasResult мотивированный отказ от исполнения тре",
            "рассмотрение требования hasActor получатель"
        ],
        "chunk_id": "117"
    },
    {
        "label": "НКО",
        "abbreviation": "",
        "type": "Agent",
        "hasStatement": [],
        "chunk_id": "117"
    },
    {
        "label": "Требование",
        "abbreviation": "",
        "type": "Resource",
        "hasStatement": [
            "требование isResourceOf рассмотрение требования",
            "требование isResourceOf рассмотрение требования"
        ],
        "chunk_id": "117"
    },
    {
        "label": "уведомление о согласии с исполнением Требования",
        "abbreviation": "",
        "type": "Resource",
        "hasStatement": [
            "уведомление о согласии с исполнением тре isResultOf рассмотрение требования",
            "уведомление о согласии с исполнением тре isResultOf рассмотрение требования",
            "уведомление о согласии с исполнением тре isResourceOf направление ответа"
        ],
        "chunk_id": "117"
    },
    {
        "label": "мотивированный отказ от исполнения Требования",
        "abbreviation": "",
        "type": "Resource",
        "hasStatement": [
            "мотивированный отказ от исполнения тре isResultOf рассмотрение требования",
            "мотивированный отказ от исполнения тре isResultOf рассмотрение требования",
            "мотивированный отказ от исполнения тре isResourceOf направление ответа"
        ],
        "chunk_id": "117"
    },
    {
        "label": "адрес электронной почты finance support",
        "abbreviation": "",
        "type": "Resource",
        "hasStatement": [
            "адрес электронной почты finance support isResourceOf направление ответа"
        ],
        "chunk_id": "117"
    },
    {
        "label": "moneta",
        "abbreviation": "",
        "type": "Unknown",
        "hasStatement": [],
        "chunk_id": "117"
    },
    {
        "label": "ru\"@ru",
        "abbreviation": "",
        "type": "Unknown",
        "hasStatement": [],
        "chunk_id": "117"
    },
    {
        "label": "направление ответа",
        "abbreviation": "",
        "type": "Process",
        "hasStatement": [
            "направление ответа hasResource уведомление о согласии с исполнением тре",
            "направление ответа hasResource мотивированный отказ от исполнения тре",
            "направление ответа hasResource адрес электронной почты finance support",
            "направление ответа hasActor получатель"
        ],
        "chunk_id": "117"
    },
    {
        "label": "Неполучение сообщения от Получателя",
        "abbreviation": "",
        "type": "Event",
        "hasStatement": [],
        "chunk_id": "117"
    }
]