[
    {
        "label": "Заявление",
        "abbreviation": "",
        "type": "Resource",
        "hasStatement": [
            "заявление isResourceOf заключение договора",
            "заявление isResourceOf принятие заявления",
            "заявление hasPart отметка нко"
        ],
        "chunk_id": "5"
    },
    {
        "label": "заключение договора",
        "abbreviation": "",
        "type": "Process",
        "hasStatement": [
            "заключение договора hasResource заявление"
        ],
        "chunk_id": "5"
    },
    {
        "label": "принятие заявления",
        "abbreviation": "",
        "type": "Process",
        "hasStatement": [
            "принятие заявления hasResource заявление",
            "принятие заявления hasActor нко",
            "принятие заявления hasResult отметка нко"
        ],
        "chunk_id": "5"
    },
    {
        "label": "Получатель",
        "abbreviation": "",
        "type": "Agent",
        "hasStatement": [
            "получатель isActorOf информационно-техноло"
        ],
        "chunk_id": "5"
    },
    {
        "label": "информационно-технологическое взаимодействие",
        "abbreviation": "",
        "type": "Process",
        "hasStatement": [
            "информационно-техноло hasActor получатель",
            "информационно-техноло hasActor торговая площадка",
            "информационно-техноло hasActor нко"
        ],
        "chunk_id": "5"
    },
    {
        "label": "Торговая площадка",
        "abbreviation": "",
        "type": "Agent",
        "hasStatement": [
            "торговая площадка isActorOf информационно-техноло"
        ],
        "chunk_id": "5"
    },
    {
        "label": "НКО",
        "abbreviation": "",
        "type": "Agent",
        "hasStatement": [
            "нко isActorOf информационно-техноло",
            "нко isActorOf принятие заявления"
        ],
        "chunk_id": "5"
    },
    {
        "label": "Отметка НКО",
        "abbreviation": "",
        "type": "Resource",
        "hasStatement": [
            "отметка нко isPartOf заявление",
            "отметка нко isResultOf принятие заявления"
        ],
        "chunk_id": "5"
    }
]