[
    {
        "label": "ПА",
        "abbreviation": "",
        "type": "Agent",
        "hasStatement": [
            "па relation нко",
            "па isActorOf перевод",
            "па relation получатель"
        ],
        "chunk_id": "20"
    },
    {
        "label": "НКО",
        "abbreviation": "",
        "type": "Agent",
        "hasStatement": [
            "нко relation па"
        ],
        "chunk_id": "20"
    },
    {
        "label": "Перевод",
        "abbreviation": "",
        "type": "Process",
        "hasStatement": [
            "перевод hasActor па",
            "перевод hasResource денежные средства",
            "перевод hasActor юридические лица",
            "перевод hasActor индивидуальные предприниматели"
        ],
        "chunk_id": "20"
    },
    {
        "label": "Получатель",
        "abbreviation": "",
        "type": "Agent",
        "hasStatement": [
            "получатель relation па"
        ],
        "chunk_id": "20"
    },
    {
        "label": "электронные средства платежа",
        "abbreviation": "",
        "type": "Resource",
        "hasStatement": [],
        "chunk_id": "20"
    },
    {
        "label": "денежные средства",
        "abbreviation": "",
        "type": "Resource",
        "hasStatement": [
            "денежные средства isResourceOf перевод"
        ],
        "chunk_id": "20"
    },
    {
        "label": "договорные отношения",
        "abbreviation": "",
        "type": "Resource",
        "hasStatement": [],
        "chunk_id": "20"
    },
    {
        "label": "условия",
        "abbreviation": "",
        "type": "Resource",
        "hasStatement": [],
        "chunk_id": "20"
    },
    {
        "label": "юридические лица",
        "abbreviation": "",
        "type": "Agent",
        "hasStatement": [
            "юридические лица isActorOf перевод"
        ],
        "chunk_id": "20"
    },
    {
        "label": "индивидуальные предприниматели",
        "abbreviation": "",
        "type": "Agent",
        "hasStatement": [
            "индивидуальные предприниматели isActorOf перевод"
        ],
        "chunk_id": "20"
    }
]