[
    {
        "label": "Информационный обмен",
        "abbreviation": "",
        "type": "Process",
        "hasStatement": [
            "информационный обмен hasResource регламент",
            "информационный обмен hasResource договор"
        ],
        "chunk_id": "106"
    },
    {
        "label": "Регламент",
        "abbreviation": "",
        "type": "Resource",
        "hasStatement": [
            "регламент isResourceOf информационный обмен"
        ],
        "chunk_id": "106"
    },
    {
        "label": "Договор",
        "abbreviation": "",
        "type": "Resource",
        "hasStatement": [
            "договор isResourceOf информационный обмен"
        ],
        "chunk_id": "106"
    },
    {
        "label": "Аутентификационные данные",
        "abbreviation": "",
        "type": "Resource",
        "hasStatement": [],
        "chunk_id": "106"
    },
    {
        "label": "Заявление",
        "abbreviation": "",
        "type": "Resource",
        "hasStatement": [
            "заявление hasResponsible получатель"
        ],
        "chunk_id": "106"
    },
    {
        "label": "Отдел информационной безопасности НКО",
        "abbreviation": "",
        "type": "Agent",
        "hasStatement": [],
        "chunk_id": "106"
    },
    {
        "label": "Получатель",
        "abbreviation": "",
        "type": "Agent",
        "hasStatement": [
            "получатель isResponsibleFor заявление"
        ],
        "chunk_id": "106"
    },
    {
        "label": "НКО",
        "abbreviation": "",
        "type": "Agent",
        "hasStatement": [],
        "chunk_id": "106"
    },
    {
        "label": "Плательщик",
        "abbreviation": "",
        "type": "Agent",
        "hasStatement": [],
        "chunk_id": "106"
    },
    {
        "label": "Сторона",
        "abbreviation": "",
        "type": "Agent",
        "hasStatement": [],
        "chunk_id": "106"
    },
    {
        "label": "Окончание срока действия Аутентификационных данных",
        "abbreviation": "",
        "type": "Event",
        "hasStatement": [],
        "chunk_id": "106"
    },
    {
        "label": "Компрометация Аутентификационных данных",
        "abbreviation": "",
        "type": "Event",
        "hasStatement": [],
        "chunk_id": "106"
    },
    {
        "label": "Получение заявления",
        "abbreviation": "",
        "type": "Event",
        "hasStatement": [],
        "chunk_id": "106"
    },
    {
        "label": "Подозрения Отдела информационной безопасности НКО",
        "abbreviation": "",
        "type": "Event",
        "hasStatement": [],
        "chunk_id": "106"
    },
    {
        "label": "подозрение НКО о Компрометации Аутентификационных данных",
        "abbreviation": "",
        "type": "Event",
        "hasStatement": [],
        "chunk_id": "106"
    }
]