[
    {
        "label": "эмитент",
        "abbreviation": "",
        "type": "Unknown",
        "hasStatement": [
            "эмитент isResponsibleFor заявление эмитента",
            "эмитент isResponsibleFor заявление эмитента"
        ],
        "chunk_id": "28"
    },
    {
        "label": "заявление эмитента",
        "abbreviation": "",
        "type": "Unknown",
        "hasStatement": [
            "заявление эмитента hasResponsible эмитент",
            "заявление эмитента isResourceOf рассмотрение заявлений эмитента",
            "заявление эмитента hasResponsible эмитент",
            "заявление эмитента isResourceOf рассмотрение заявлений эмитenta"
        ],
        "chunk_id": "28"
    },
    {
        "label": "получатель",
        "abbreviation": "",
        "type": "Unknown",
        "hasStatement": [
            "получатель isActorOf возврат суммы недействительного пер",
            "получатель isActorOf возврат суммы недействительного пер"
        ],
        "chunk_id": "28"
    },
    {
        "label": "возврат суммы недействительного пер",
        "abbreviation": "",
        "type": "Unknown",
        "hasStatement": [
            "возврат суммы недействительного пер hasActor получатель",
            "возврат суммы недействительного пер hasResource сумма недействительного перевода",
            "возврат суммы недействительного пер isPartOf переводы без открытия банковского сче",
            "возврат суммы недействительного пер hasActor получатель",
            "возврат суммы недействительного пер hasResource сумма недействительного перевода",
            "возврат суммы недействительного пер isPartOf переводы без открытия банковского сче"
        ],
        "chunk_id": "28"
    },
    {
        "label": "нко",
        "abbreviation": "",
        "type": "Unknown",
        "hasStatement": [
            "нко isActorOf рассмотрение заявлений эмитента",
            "нко isResponsibleFor требование",
            "нко isActorOf рассмотрение заявлений эмитента",
            "нко isResponsibleFor требование"
        ],
        "chunk_id": "28"
    },
    {
        "label": "рассмотрение заявлений эмитента",
        "abbreviation": "",
        "type": "Unknown",
        "hasStatement": [
            "рассмотрение заявлений эмитента hasActor нко",
            "рассмотрение заявлений эмитента hasResource приложение №5",
            "рассмотрение заявлений эмитента hasResource заявление эмитента",
            "рассмотрение заявлений эмитента hasResult требование",
            "рассмотрение заявлений эмитента hasResource адрес электронной почты",
            "рассмотрение заявлений эмитента isPartOf переводы без открытия банковского сче",
            "рассмотрение заявлений эмитента hasActor нко",
            "рассмотрение заявлений эмитента hasResult требование",
            "рассмотрение заявлений эмитента hasResource адрес электронной почты",
            "рассмотрение заявлений эмитента isPartOf переводы без открытия банковского сче"
        ],
        "chunk_id": "28"
    },
    {
        "label": "требование",
        "abbreviation": "",
        "type": "Unknown",
        "hasStatement": [
            "требование hasResponsible нко",
            "требование isResultOf рассмотрение заявлений эмитента",
            "требование hasResponsible нко",
            "требование isResultOf рассмотрение заявлений эмитента"
        ],
        "chunk_id": "28"
    },
    {
        "label": "Договор",
        "abbreviation": "",
        "type": "Resource",
        "hasStatement": [],
        "chunk_id": "28"
    },
    {
        "label": "приложение №5",
        "abbreviation": "",
        "type": "Unknown",
        "hasStatement": [
            "приложение №5 isResourceOf рассмотрение заявлений эмитента",
            "приложение №5 isResourceOf рассмотрение заявлений эмитenta"
        ],
        "chunk_id": "28"
    },
    {
        "label": "сумма недействительного перевода",
        "abbreviation": "",
        "type": "Unknown",
        "hasStatement": [
            "сумма недействительного перевода isResourceOf возврат суммы недействительного пер",
            "сумма недействительного перевода isResourceOf возврат суммы недействительного пер"
        ],
        "chunk_id": "28"
    },
    {
        "label": "адрес электронной почты",
        "abbreviation": "",
        "type": "Unknown",
        "hasStatement": [
            "адрес электронной почты isResourceOf рассмотрение заявлений эмитента",
            "адрес электронной почты isResourceOf рассмотрение заявлений эмитента"
        ],
        "chunk_id": "28"
    },
    {
        "label": "Личный кабинет",
        "abbreviation": "",
        "type": "Resource",
        "hasStatement": [],
        "chunk_id": "28"
    },
    {
        "label": "недействительный перевод",
        "abbreviation": "",
        "type": "Unknown",
        "hasStatement": [
            "недействительный перевод Initiates рассмотрение заявлений эмитента",
            "недействительный перевод Initiates рассмотрение заявлений эмитента"
        ],
        "chunk_id": "28"
    },
    {
        "label": "Переводы без открытия банковского счета",
        "abbreviation": "",
        "type": "Process",
        "hasStatement": [
            "переводы без открытия банковского сче hasPart рассмотрение заявлений эмитента",
            "переводы без открытия банковского сче hasPart возврат суммы недействительного пер",
            "переводы без открытия банковского сче hasPart рассмотрение заявлений эмитента",
            "переводы без открытия банковского сче hasPart возврат суммы недействительного пер"
        ],
        "chunk_id": "28"
    },
    {
        "label": "рассмотрение заявлений эмитenta",
        "abbreviation": "",
        "type": "Unknown",
        "hasStatement": [
            "рассмотрение заявлений эмитenta hasResource приложение №5",
            "рассмотрение заявлений эмитenta hasResource заявление эмитента"
        ],
        "chunk_id": "28"
    }
]