[
    {
        "label": "Заявление",
        "abbreviation": "",
        "type": "Resource",
        "hasStatement": [],
        "chunk_id": "91"
    },
    {
        "label": "Регистрация",
        "abbreviation": "",
        "type": "Process",
        "hasStatement": [
            "регистрация hasActor получатель",
            "регистрация hasResource адрес электронной почты"
        ],
        "chunk_id": "91"
    },
    {
        "label": "Получатель",
        "abbreviation": "",
        "type": "Agent",
        "hasStatement": [
            "получатель isActorOf регистрация",
            "получатель isActorOf отправление уведомления"
        ],
        "chunk_id": "91"
    },
    {
        "label": "Отправление уведомления",
        "abbreviation": "",
        "type": "Process",
        "hasStatement": [
            "отправление уведомления hasActor получатель",
            "отправление уведомления isPartOf расторжение договора",
            "отправление уведомления hasResource адрес электронной почты"
        ],
        "chunk_id": "91"
    },
    {
        "label": "Договор",
        "abbreviation": "",
        "type": "Resource",
        "hasStatement": [
            "договор isResourceOf расторжение договора"
        ],
        "chunk_id": "91"
    },
    {
        "label": "Расторжение договора",
        "abbreviation": "",
        "type": "Process",
        "hasStatement": [
            "расторжение договора hasResource договор",
            "расторжение договора hasPart отправление уведомления"
        ],
        "chunk_id": "91"
    },
    {
        "label": "НКО",
        "abbreviation": "",
        "type": "Agent",
        "hasStatement": [
            "нко Initiates расторжение договора"
        ],
        "chunk_id": "91"
    },
    {
        "label": "Адрес электронной почты",
        "abbreviation": "",
        "type": "Resource",
        "hasStatement": [
            "адрес электронной почты isResourceOf регистрация",
            "адрес электронной почты isResourceOf отправление уведомления"
        ],
        "chunk_id": "91"
    }
]