[
    {
        "label": "отсутствие Переводов Получателя в течение 180 (ста восьмидесяти) календарных дней",
        "abbreviation": "",
        "type": "Event",
        "hasStatement": [
            "отсутствие переводов получателя в течен Initiates прекращение исполнения обязательств",
            "отсутствие переводов получателя в течен Initiates расторжение договора"
        ],
        "chunk_id": "46"
    },
    {
        "label": "информация о начале процедуры ликвидации или банкротства Получателя",
        "abbreviation": "",
        "type": "Event",
        "hasStatement": [
            "информация о начале процедуры ликвидац Initiates прекращение исполнения обязательств",
            "информация о начале процедуры ликвидац Initiates расторжение договора"
        ],
        "chunk_id": "46"
    },
    {
        "label": "Переводы Получателя",
        "abbreviation": "",
        "type": "Resource",
        "hasStatement": [],
        "chunk_id": "46"
    },
    {
        "label": "Договор",
        "abbreviation": "",
        "type": "Resource",
        "hasStatement": [
            "договор isResourceOf расторжение договора"
        ],
        "chunk_id": "46"
    },
    {
        "label": "расторжение Договора",
        "abbreviation": "",
        "type": "Process",
        "hasStatement": [
            "расторжение договора hasResource договор",
            "расторжение договора hasActor нко"
        ],
        "chunk_id": "46"
    },
    {
        "label": "обязательства",
        "abbreviation": "",
        "type": "Resource",
        "hasStatement": [
            "обязательства isResourceOf прекращение исполнения обязательств"
        ],
        "chunk_id": "46"
    },
    {
        "label": "прекращение исполнения обязательств",
        "abbreviation": "",
        "type": "Process",
        "hasStatement": [
            "прекращение исполнения обязательств hasResource обязательства",
            "прекращение исполнения обязательств hasActor нко"
        ],
        "chunk_id": "46"
    },
    {
        "label": "НКО",
        "abbreviation": "",
        "type": "Agent",
        "hasStatement": [
            "нко isActorOf прекращение исполнения обязательств",
            "нко isActorOf расторжение договора"
        ],
        "chunk_id": "46"
    },
    {
        "label": "Получатель",
        "abbreviation": "",
        "type": "Agent",
        "hasStatement": [],
        "chunk_id": "46"
    }
]