[
    {
        "label": "Получатель",
        "abbreviation": "",
        "type": "Agent",
        "hasStatement": [
            "получатель isActorOf предоставление информации и документов"
        ],
        "chunk_id": "24"
    },
    {
        "label": "предоставление информации и документов",
        "abbreviation": "",
        "type": "Process",
        "hasStatement": [
            "предоставление информации и документов hasActor получатель",
            "предоставление информации и документов hasResource информация",
            "предоставление информации и документов hasResource документы"
        ],
        "chunk_id": "24"
    },
    {
        "label": "информация",
        "abbreviation": "",
        "type": "Resource",
        "hasStatement": [
            "информация isResourceOf предоставление информации и документов"
        ],
        "chunk_id": "24"
    },
    {
        "label": "документы",
        "abbreviation": "",
        "type": "Resource",
        "hasStatement": [
            "документы isResourceOf предоставление информации и документов",
            "документы relation запрещенные услуги"
        ],
        "chunk_id": "24"
    },
    {
        "label": "Запрещенные услуги",
        "abbreviation": "",
        "type": "Resource",
        "hasStatement": [
            "запрещенные услуги relation документы",
            "запрещенные услуги relation услуги реализуемые получателем"
        ],
        "chunk_id": "24"
    },
    {
        "label": "Услуги, реализуемые Получателем",
        "abbreviation": "",
        "type": "Resource",
        "hasStatement": [
            "услуги реализуемые получателем relation запрещенные услуги"
        ],
        "chunk_id": "24"
    }
]