[
    {
        "label": "Получатель",
        "abbreviation": "",
        "type": "Agent",
        "hasStatement": [
            "получатель isResponsibleFor рассмотрение требования"
        ],
        "chunk_id": "29"
    },
    {
        "label": "рассмотрение Требования",
        "abbreviation": "",
        "type": "Process",
        "hasStatement": [
            "рассмотрение требования hasResponsible получатель",
            "рассмотрение требования hasResource требование",
            "рассмотрение требования isResponsibleFor нко"
        ],
        "chunk_id": "29"
    },
    {
        "label": "НКО",
        "abbreviation": "",
        "type": "Agent",
        "hasStatement": [
            "нко isResponsibleFor требование",
            "нко hasResponsible рассмотрение требования"
        ],
        "chunk_id": "29"
    },
    {
        "label": "Требование",
        "abbreviation": "",
        "type": "Resource",
        "hasStatement": [
            "требование hasResponsible нко",
            "требование isResourceOf рассмотрение требования"
        ],
        "chunk_id": "29"
    },
    {
        "label": "уведомление о согласии с исполнением Требования",
        "abbreviation": "",
        "type": "Resource",
        "hasStatement": [
            "уведомление о согласии с исполнением isResultOf направление уведомления или отказа"
        ],
        "chunk_id": "29"
    },
    {
        "label": "направление уведомления о согласии с исполнением Требования либо мотивированного отказа",
        "abbreviation": "",
        "type": "Process",
        "hasStatement": [
            "направление уведомления или отказа hasResult уведомление о согласии с исполнением",
            "направление уведомления или отказа hasResult мотивированный отказ от исполнения требований"
        ],
        "chunk_id": "29"
    },
    {
        "label": "мотивированный отказ от исполнения Требования",
        "abbreviation": "",
        "type": "Resource",
        "hasStatement": [
            "мотивированный отказ от исполнения требований isResultOf направление уведомления или отказа"
        ],
        "chunk_id": "29"
    }
]