[
    {
        "label": "НКО",
        "abbreviation": "",
        "type": "Agent",
        "hasStatement": [
            "нко isActorOf приостановка перечислений получателю"
        ],
        "chunk_id": "115"
    },
    {
        "label": "Приостановка перечислений получателю",
        "abbreviation": "",
        "type": "Process",
        "hasStatement": [
            "приостановка перечислений получателю hasActor нко"
        ],
        "chunk_id": "115"
    },
    {
        "label": "пункт 3 настоящего Порядка",
        "abbreviation": "",
        "type": "Resource",
        "hasStatement": [
            "пункт 3 настоящего порядка canBeResourceFor приостановка перечислений получателю"
        ],
        "chunk_id": "115"
    }
]