[
    {
        "label": "Руководитель",
        "abbreviation": "",
        "type": "Agent",
        "hasStatement": [
            "руководитель isResponsibleFor заявление"
        ],
        "chunk_id": "33"
    },
    {
        "label": "Заявление",
        "abbreviation": "",
        "type": "Resource",
        "hasStatement": [
            "заявление hasResponsible руководитель"
        ],
        "chunk_id": "33"
    },
    {
        "label": "НКО «МОНЕТА» (ООО)",
        "abbreviation": "",
        "type": "Agent",
        "hasStatement": [],
        "chunk_id": "33"
    },
    {
        "label": "прием переводов",
        "abbreviation": "",
        "type": "Process",
        "hasStatement": [
            "прием переводов relation интернет ресурс"
        ],
        "chunk_id": "33"
    },
    {
        "label": "интернет-ресурс",
        "abbreviation": "",
        "type": "Resource",
        "hasStatement": [
            "интернет ресурс relation прием переводов"
        ],
        "chunk_id": "33"
    },
    {
        "label": "доступ",
        "abbreviation": "",
        "type": "Resource",
        "hasStatement": [
            "доступ isResultOf предоставление доступа"
        ],
        "chunk_id": "33"
    },
    {
        "label": "предоставление доступа",
        "abbreviation": "",
        "type": "Process",
        "hasStatement": [
            "предоставление доступа hasResult доступ",
            "предоставление доступа hasResource система",
            "предоставление доступа hasResponsible председатель правления"
        ],
        "chunk_id": "33"
    },
    {
        "label": "Система",
        "abbreviation": "",
        "type": "Resource",
        "hasStatement": [
            "система isResourceOf предоставление доступа"
        ],
        "chunk_id": "33"
    },
    {
        "label": "Председатель Правления",
        "abbreviation": "",
        "type": "Agent",
        "hasStatement": [
            "председатель правления isResponsibleFor предоставление доступа"
        ],
        "chunk_id": "33"
    }
]