[
    {
        "label": "Получатель",
        "abbreviation": "",
        "type": "Agent",
        "hasStatement": [
            "получатель isResponsibleFor информационная система",
            "получатель isResponsibleFor ведение архива эс",
            "получатель isResponsibleFor замена аутентификационных данных",
            "получатель Initiates запрос статуса электронных сообщен",
            "получатель Initiates смена аутентификационных данных",
            "получатель isResponsibleFor обеспечение доступа к аутентификац"
        ],
        "chunk_id": "104"
    },
    {
        "label": "информационная система",
        "abbreviation": "",
        "type": "Resource",
        "hasStatement": [
            "информационная система hasResponsible получатель"
        ],
        "chunk_id": "104"
    },
    {
        "label": "ведение архива ЭС",
        "abbreviation": "",
        "type": "Process",
        "hasStatement": [
            "ведение архива эс hasResponsible получатель",
            "ведение архива эс hasResult архив эс"
        ],
        "chunk_id": "104"
    },
    {
        "label": "замена Аутентификационных данных",
        "abbreviation": "",
        "type": "Process",
        "hasStatement": [
            "замена аутентификационных данных hasResponsible получатель"
        ],
        "chunk_id": "104"
    },
    {
        "label": "обеспечение доступа к Аутентификационным данным и ЗКС",
        "abbreviation": "",
        "type": "Process",
        "hasStatement": [
            "обеспечение доступа к аутентификац hasResponsible получатель",
            "обеспечение доступа к аутентификац hasResponsible нко",
            "обеспечение доступа к аутентификац hasResult доступ",
            "обеспечение доступа к аутентификац relation аутентификационные данные",
            "обеспечение доступа к аутентификац relation зкс"
        ],
        "chunk_id": "104"
    },
    {
        "label": "НКО",
        "abbreviation": "",
        "type": "Agent",
        "hasStatement": [
            "нко isActorOf запрос статуса электронных сообщен",
            "нко Initiates приостановка информационного обмен",
            "нко Initiates направление сообщения на эл почту",
            "нко Initiates принудительная инициация смены аут",
            "нко isResponsibleFor обеспечение доступа к аутентификац"
        ],
        "chunk_id": "104"
    },
    {
        "label": "запрос статуса переданных по ЗКС Электронных сообщений",
        "abbreviation": "",
        "type": "Process",
        "hasStatement": [
            "запрос статуса электронных сообщен hasActor нко",
            "запрос статуса электронных сообщен hasResult статус электронных сообщений"
        ],
        "chunk_id": "104"
    },
    {
        "label": "уполномоченные лица",
        "abbreviation": "",
        "type": "Agent",
        "hasStatement": [],
        "chunk_id": "104"
    },
    {
        "label": "архив ЭС",
        "abbreviation": "",
        "type": "Resource",
        "hasStatement": [
            "архив эс isResultOf ведение архива эс"
        ],
        "chunk_id": "104"
    },
    {
        "label": "статус переданных по ЗКС Электронных сообщений",
        "abbreviation": "",
        "type": "Resource",
        "hasStatement": [
            "статус электронных сообщений isResultOf запрос статуса электронных сообщен"
        ],
        "chunk_id": "104"
    },
    {
        "label": "смена Аутентификационных данных",
        "abbreviation": "",
        "type": "Process",
        "hasStatement": [],
        "chunk_id": "104"
    },
    {
        "label": "приостановка Информационного обмена по ЗКС",
        "abbreviation": "",
        "type": "Process",
        "hasStatement": [
            "приостановка информационного обмен hasPart направление сообщения на эл почту"
        ],
        "chunk_id": "104"
    },
    {
        "label": "направление сообщения на адрес электронной почты",
        "abbreviation": "",
        "type": "Process",
        "hasStatement": [
            "направление сообщения на эл почту isPartOf приостановка информационного обмен",
            "направление сообщения на эл почту hasResource адрес электронной почты",
            "направление сообщения на эл почту hasResource сообщение"
        ],
        "chunk_id": "104"
    },
    {
        "label": "адрес электронной почты",
        "abbreviation": "",
        "type": "Resource",
        "hasStatement": [
            "адрес электронной почты isResourceOf направление сообщения на эл почту"
        ],
        "chunk_id": "104"
    },
    {
        "label": "сообщение",
        "abbreviation": "",
        "type": "Resource",
        "hasStatement": [
            "сообщение isResourceOf направление сообщения на эл почту"
        ],
        "chunk_id": "104"
    },
    {
        "label": "принудительная инициация смены Аутентификационных данных",
        "abbreviation": "",
        "type": "Process",
        "hasStatement": [],
        "chunk_id": "104"
    },
    {
        "label": "доступ",
        "abbreviation": "",
        "type": "Resource",
        "hasStatement": [
            "доступ isResultOf обеспечение доступа к аутентификац"
        ],
        "chunk_id": "104"
    },
    {
        "label": "Аутентификационные данные",
        "abbreviation": "",
        "type": "Resource",
        "hasStatement": [
            "аутентификационные данные relation обеспечение доступа к аутентификац"
        ],
        "chunk_id": "104"
    },
    {
        "label": "ЗКС",
        "abbreviation": "",
        "type": "Resource",
        "hasStatement": [
            "зкс relation обеспечение доступа к аутентификац"
        ],
        "chunk_id": "104"
    },
    {
        "label": "Информационный обмен",
        "abbreviation": "",
        "type": "Process",
        "hasStatement": [],
        "chunk_id": "104"
    },
    {
        "label": "Правила безопасности",
        "abbreviation": "",
        "type": "Resource",
        "hasStatement": [],
        "chunk_id": "104"
    },
    {
        "label": "Электронные сообщения",
        "abbreviation": "",
        "type": "Resource",
        "hasStatement": [],
        "chunk_id": "104"
    },
    {
        "label": "предварительное предупреждение",
        "abbreviation": "",
        "type": "Event",
        "hasStatement": [
            "предварительное предупреждение Initiates приостановка информационного обмен"
        ],
        "chunk_id": "104"
    }
]