[
    {
        "label": "сверка расчетов",
        "abbreviation": "",
        "type": "Process",
        "hasStatement": [
            "сверка расчетов hasResult денежные обязательства",
            "сверка расчетов hasActor нко",
            "сверка расчетов hasActor плательщики",
            "сверка расчетов hasResource договор",
            "сверка расчетов hasResource уведомление о расторжении договора"
        ],
        "chunk_id": "92"
    },
    {
        "label": "денежные обязательства",
        "abbreviation": "",
        "type": "Resource",
        "hasStatement": [
            "денежные обязательства isResultOf сверка расчетов",
            "денежные обязательства isResourceOf погашение денежных обязательств"
        ],
        "chunk_id": "92"
    },
    {
        "label": "погашение денежных обязательств",
        "abbreviation": "",
        "type": "Process",
        "hasStatement": [
            "погашение денежных обязательств hasActor нко",
            "погашение денежных обязательств hasActor плательщики",
            "погашение денежных обязательств hasResource договор",
            "погашение денежных обязательств hasResource уведомление о расторжении договора",
            "погашение денежных обязательств hasResource денежные обязательства"
        ],
        "chunk_id": "92"
    },
    {
        "label": "расторжение Договора",
        "abbreviation": "",
        "type": "Event",
        "hasStatement": [],
        "chunk_id": "92"
    },
    {
        "label": "НКО",
        "abbreviation": "",
        "type": "Agent",
        "hasStatement": [
            "нко isActorOf сверка расчетов",
            "нко isActorOf погашение денежных обязательств",
            "нко isActorOf окончательный расчет",
            "нко isActorOf расчеты"
        ],
        "chunk_id": "92"
    },
    {
        "label": "окончательный расчет",
        "abbreviation": "",
        "type": "Process",
        "hasStatement": [
            "окончательный расчет hasActor нко",
            "окончательный расчет hasResource договор"
        ],
        "chunk_id": "92"
    },
    {
        "label": "расчеты",
        "abbreviation": "",
        "type": "Process",
        "hasStatement": [
            "расчеты hasActor нко",
            "расчеты hasPart удержание переводов",
            "расчеты hasResource договор"
        ],
        "chunk_id": "92"
    },
    {
        "label": "Получатель",
        "abbreviation": "",
        "type": "Agent",
        "hasStatement": [
            "получатель isActorOf возврат переводов"
        ],
        "chunk_id": "92"
    },
    {
        "label": "возврат Переводов",
        "abbreviation": "",
        "type": "Process",
        "hasStatement": [
            "возврат переводов hasActor получатель"
        ],
        "chunk_id": "92"
    },
    {
        "label": "Плательщики",
        "abbreviation": "",
        "type": "Agent",
        "hasStatement": [
            "плательщики isActorOf сверка расчетов",
            "плательщики isActorOf погашение денежных обязательств"
        ],
        "chunk_id": "92"
    },
    {
        "label": "признание Переводов Недействительными",
        "abbreviation": "",
        "type": "Process",
        "hasStatement": [
            "признание переводов недействитель hasResource правила мпс"
        ],
        "chunk_id": "92"
    },
    {
        "label": "недействительные переводы",
        "abbreviation": "",
        "type": "Unknown",
        "hasStatement": [
            "недействительные переводы isResourceOf удержание переводов"
        ],
        "chunk_id": "92"
    },
    {
        "label": "перечисление",
        "abbreviation": "",
        "type": "Unknown",
        "hasStatement": [
            "перечисление isResourceOf удержание переводов"
        ],
        "chunk_id": "92"
    },
    {
        "label": "правила мпс",
        "abbreviation": "",
        "type": "Unknown",
        "hasStatement": [
            "правила мпс isResourceOf признание переводов недействитель"
        ],
        "chunk_id": "92"
    },
    {
        "label": "удержание Переводов",
        "abbreviation": "",
        "type": "Process",
        "hasStatement": [
            "удержание переводов isPartOf расчеты",
            "удержание переводов hasResource недействительные переводы",
            "удержание переводов hasResource перечисление"
        ],
        "chunk_id": "92"
    },
    {
        "label": "Договор",
        "abbreviation": "",
        "type": "Resource",
        "hasStatement": [
            "договор isResourceOf сверка расчетов",
            "договор isResourceOf погашение денежных обязательств",
            "договор isResourceOf окончательный расчет",
            "договор isResourceOf расчеты"
        ],
        "chunk_id": "92"
    },
    {
        "label": "уведомление о расторжении Договора",
        "abbreviation": "",
        "type": "Resource",
        "hasStatement": [
            "уведомление о расторжении договора isResourceOf сверка расчетов",
            "уведомление о расторжении договора isResourceOf погашение денежных обязательств"
        ],
        "chunk_id": "92"
    }
]