[
    {
        "label": "НКО «МОНЕТА» (ООО)",
        "abbreviation": "",
        "type": "Agent",
        "hasStatement": [],
        "chunk_id": "120"
    },
    {
        "label": "Система",
        "abbreviation": "",
        "type": "Resource",
        "hasStatement": [
            "система isResourceOf открыт прием переводов"
        ],
        "chunk_id": "120"
    },
    {
        "label": "прием переводов",
        "abbreviation": "",
        "type": "Process",
        "hasStatement": [
            "открыт прием переводов hasResource система",
            "открыт прием переводов hasActor председатель правления",
            "открыт прием переводов hasResource интернет-ресурс",
            "открыт прием переводов hasResource доступ"
        ],
        "chunk_id": "120"
    },
    {
        "label": "Председатель Правления",
        "abbreviation": "",
        "type": "Agent",
        "hasStatement": [
            "председатель правления isActorOf открыт прием переводов"
        ],
        "chunk_id": "120"
    },
    {
        "label": "Руководитель",
        "abbreviation": "",
        "type": "Agent",
        "hasStatement": [],
        "chunk_id": "120"
    },
    {
        "label": "Отметки",
        "abbreviation": "",
        "type": "Resource",
        "hasStatement": [],
        "chunk_id": "120"
    },
    {
        "label": "Заявление",
        "abbreviation": "",
        "type": "Resource",
        "hasStatement": [],
        "chunk_id": "120"
    },
    {
        "label": "проверено",
        "abbreviation": "",
        "type": "Process",
        "hasStatement": [],
        "chunk_id": "120"
    },
    {
        "label": "интернет-ресурс",
        "abbreviation": "",
        "type": "Resource",
        "hasStatement": [
            "интернет-ресурс isResourceOf открыт прием переводов"
        ],
        "chunk_id": "120"
    },
    {
        "label": "доступ",
        "abbreviation": "",
        "type": "Resource",
        "hasStatement": [
            "доступ isResourceOf открыт прием переводов"
        ],
        "chunk_id": "120"
    }
]