[
    {
        "label": "установление ограничения Перевода",
        "abbreviation": "",
        "type": "Event",
        "hasStatement": [
            "установление ограничения перевода Initiates направление уведомления"
        ],
        "chunk_id": "62"
    },
    {
        "label": "изменение ограничения",
        "abbreviation": "",
        "type": "Event",
        "hasStatement": [
            "изменение ограничения Initiates направление уведомления"
        ],
        "chunk_id": "62"
    },
    {
        "label": "снятие ограничения",
        "abbreviation": "",
        "type": "Event",
        "hasStatement": [
            "снятие ограничения Initiates направление уведомления"
        ],
        "chunk_id": "62"
    },
    {
        "label": "НКО",
        "abbreviation": "",
        "type": "Agent",
        "hasStatement": [
            "нко isActorOf направление уведомления"
        ],
        "chunk_id": "62"
    },
    {
        "label": "направление уведомления",
        "abbreviation": "",
        "type": "Process",
        "hasStatement": [
            "направление уведомления hasActor нко",
            "направление уведомления hasResource уведомление"
        ],
        "chunk_id": "62"
    },
    {
        "label": "уведомление",
        "abbreviation": "",
        "type": "Resource",
        "hasStatement": [
            "уведомление isResourceOf направление уведомления"
        ],
        "chunk_id": "62"
    },
    {
        "label": "приостановление Перечисления",
        "abbreviation": "",
        "type": "Event",
        "hasStatement": [
            "приостановление перечисления Initiates подтверждение заявления о перечислении"
        ],
        "chunk_id": "62"
    },
    {
        "label": "подтверждение Заявления о перечислении",
        "abbreviation": "",
        "type": "Process",
        "hasStatement": [
            "подтверждение заявления о перечислении hasPart направление подтверждения"
        ],
        "chunk_id": "62"
    },
    {
        "label": "подтверждение",
        "abbreviation": "",
        "type": "Resource",
        "hasStatement": [
            "подтверждение isResourceOf направление подтверждения"
        ],
        "chunk_id": "62"
    },
    {
        "label": "направление подтверждения",
        "abbreviation": "",
        "type": "Process",
        "hasStatement": [
            "направление подтверждения hasResource подтверждение",
            "направление подтверждения isPartOf подтверждение заявления о перечислении",
            "направление подтверждения hasResource ответное сообщение",
            "направление подтверждения hasResource уведомление нко",
            "направление подтверждения hasResource адрес электронной почты нко"
        ],
        "chunk_id": "62"
    },
    {
        "label": "ответное сообщение",
        "abbreviation": "",
        "type": "Resource",
        "hasStatement": [
            "ответное сообщение isResourceOf направление подтверждения"
        ],
        "chunk_id": "62"
    },
    {
        "label": "уведомление НКО",
        "abbreviation": "",
        "type": "Resource",
        "hasStatement": [
            "уведомление нко isResourceOf направление подтверждения"
        ],
        "chunk_id": "62"
    },
    {
        "label": "адрес электронной почты НКО",
        "abbreviation": "",
        "type": "Resource",
        "hasStatement": [
            "адрес электронной почты нко isResourceOf направление подтверждения"
        ],
        "chunk_id": "62"
    }
]