[
    {
        "label": "Эквайрер",
        "abbreviation": "",
        "type": "Agent",
        "hasStatement": [
            "эквайрер isActorOf взыскание эквайрером"
        ],
        "chunk_id": "84"
    },
    {
        "label": "взыскание Эквайрером",
        "abbreviation": "",
        "type": "Process",
        "hasStatement": [
            "взыскание эквайрером hasActor эквайрер",
            "взыскание эквайрером hasResource штрафы",
            "взыскание эквайрером hasResource комиссии",
            "взыскание эквайрером hasResource платежи",
            "взыскание эквайрером relation взыскание с нко штрафов",
            "взыскание эквайрером hasResult взыскание с нко штрафов"
        ],
        "chunk_id": "84"
    },
    {
        "label": "НКО",
        "abbreviation": "",
        "type": "Agent",
        "hasStatement": [],
        "chunk_id": "84"
    },
    {
        "label": "Получатель",
        "abbreviation": "",
        "type": "Agent",
        "hasStatement": [
            "получатель isActorOf возмещение",
            "получатель isActorOf привлечение торговой площадки",
            "получатель relation привлечение торговой площадки"
        ],
        "chunk_id": "84"
    },
    {
        "label": "возмещение",
        "abbreviation": "",
        "type": "Process",
        "hasStatement": [
            "возмещение hasActor получатель",
            "возмещение hasResource документы",
            "возмещение hasResource сумма уплаченных штрафов комиссий",
            "возмещение relation сумма уплаченных штрафов комиссий",
            "возмещение relation документы"
        ],
        "chunk_id": "84"
    },
    {
        "label": "привлечение Торговой площадки",
        "abbreviation": "",
        "type": "Process",
        "hasStatement": [
            "привлечение торговой площадки hasActor получатель",
            "привлечение торговой площадки relation информационно технологическое взаим",
            "привлечение торговой площадки relation получатель",
            "привлечение торговой площадки hasResult возникновение прямых и косвенных ри"
        ],
        "chunk_id": "84"
    },
    {
        "label": "Торговая площадка",
        "abbreviation": "",
        "type": "Agent",
        "hasStatement": [
            "торговая площадка isActorOf информационно технологическое взаим",
            "торговая площадка isResponsibleFor действия или бездействие"
        ],
        "chunk_id": "84"
    },
    {
        "label": "информационно-технологическое взаимодей",
        "abbreviation": "",
        "type": "Process",
        "hasStatement": [
            "информационно технологическое взаим hasActor торговая площадка",
            "информационно технологическое взаим hasActor третья сторона",
            "информационно технологическое взаим relation привлечение торговой площадки"
        ],
        "chunk_id": "84"
    },
    {
        "label": "действия или бездействие",
        "abbreviation": "",
        "type": "Resource",
        "hasStatement": [
            "действия или бездействие hasResponsible торговая площадка",
            "действия или бездействие hasResponsible третья сторона",
            "действия или бездействие relation негативные последствия"
        ],
        "chunk_id": "84"
    },
    {
        "label": "третья сторона",
        "abbreviation": "",
        "type": "Agent",
        "hasStatement": [
            "третья сторона isActorOf информационно технологическое взаим",
            "третья сторона isResponsibleFor действия или бездействие"
        ],
        "chunk_id": "84"
    },
    {
        "label": "штрафы",
        "abbreviation": "",
        "type": "Resource",
        "hasStatement": [
            "штрафы isResourceOf взыскание эквайрером"
        ],
        "chunk_id": "84"
    },
    {
        "label": "комиссии",
        "abbreviation": "",
        "type": "Resource",
        "hasStatement": [
            "комиссии isResourceOf взыскание эквайрером"
        ],
        "chunk_id": "84"
    },
    {
        "label": "платежи",
        "abbreviation": "",
        "type": "Resource",
        "hasStatement": [
            "платежи isResourceOf взыскание эквайрером"
        ],
        "chunk_id": "84"
    },
    {
        "label": "банковские карты",
        "abbreviation": "",
        "type": "Resource",
        "hasStatement": [
            "банковские карты isResourceOf совершение переводов",
            "банковские карты relation совершение переводов"
        ],
        "chunk_id": "84"
    },
    {
        "label": "совершение Переводов",
        "abbreviation": "",
        "type": "Process",
        "hasStatement": [
            "совершение переводов hasResource банковские карты",
            "совершение переводов relation банковские карты"
        ],
        "chunk_id": "84"
    },
    {
        "label": "документы",
        "abbreviation": "",
        "type": "Resource",
        "hasStatement": [
            "документы isResourceOf возмещение",
            "документы relation взыскание с нко штрафов",
            "документы relation возмещение",
            "документы relation предоставление документов"
        ],
        "chunk_id": "84"
    },
    {
        "label": "взыскание с НКО штрафов",
        "abbreviation": "",
        "type": "Event",
        "hasStatement": [
            "взыскание с нко штрафов relation документы",
            "взыскание с нко штрафов relation взыскание эквайрером",
            "взыскание с нко штрафов isResultOf взыскание эквайрером",
            "взыскание с нко штрафов Initiates возмещение"
        ],
        "chunk_id": "84"
    },
    {
        "label": "сумма уплаченных штрафов комиссий",
        "abbreviation": "",
        "type": "Resource",
        "hasStatement": [
            "сумма уплаченных штрафов комиссий isResourceOf возмещение",
            "сумма уплаченных штрафов комиссий relation возмещение"
        ],
        "chunk_id": "84"
    },
    {
        "label": "прямые и косвенные риски",
        "abbreviation": "",
        "type": "Resource",
        "hasStatement": [
            "прямые и косвенные риски relation возникновение прямых и косвенных ри"
        ],
        "chunk_id": "84"
    },
    {
        "label": "предоставление документов",
        "abbreviation": "",
        "type": "Process",
        "hasStatement": [
            "предоставление документов relation документы"
        ],
        "chunk_id": "84"
    },
    {
        "label": "возникновение прямых и косвенных рис",
        "abbreviation": "",
        "type": "Event",
        "hasStatement": [
            "возникновение прямых и косвенных ри isResultOf привлечение торговой площадки",
            "возникновение прямых и косвенных ри relation прямые и косвенные риски"
        ],
        "chunk_id": "84"
    },
    {
        "label": "негативные последствия",
        "abbreviation": "",
        "type": "Event",
        "hasStatement": [
            "негативные последствия relation действия или бездействие"
        ],
        "chunk_id": "84"
    }
]