[
    {
        "label": "НКО",
        "abbreviation": "",
        "type": "Agent",
        "hasStatement": [
            "нко isActorOf признание переводов недейс"
        ],
        "chunk_id": "25"
    },
    {
        "label": "признание переводов недействительными",
        "abbreviation": "",
        "type": "Process",
        "hasStatement": [
            "признание переводов недейс hasActor нко",
            "признание переводов недейс hasResource переводы",
            "признание переводов недейс hasResult недействительные переводы"
        ],
        "chunk_id": "25"
    },
    {
        "label": "Получатель",
        "abbreviation": "",
        "type": "Agent",
        "hasStatement": [
            "получатель relation прекращение взаимодействия"
        ],
        "chunk_id": "25"
    },
    {
        "label": "Интернет-магазин",
        "abbreviation": "",
        "type": "Agent",
        "hasStatement": [],
        "chunk_id": "25"
    },
    {
        "label": "Переводы",
        "abbreviation": "",
        "type": "Resource",
        "hasStatement": [
            "переводы isResourceOf признание переводов недейс"
        ],
        "chunk_id": "25"
    },
    {
        "label": "Недействительные переводы",
        "abbreviation": "",
        "type": "Resource",
        "hasStatement": [
            "недействительные переводы isResultOf признание переводов недейс"
        ],
        "chunk_id": "25"
    },
    {
        "label": "уведомление об отключении",
        "abbreviation": "",
        "type": "Resource",
        "hasStatement": [
            "уведомление об отключении isResourceOf направление уведомления"
        ],
        "chunk_id": "25"
    },
    {
        "label": "направление уведомления",
        "abbreviation": "",
        "type": "Process",
        "hasStatement": [
            "направление уведомления hasResource уведомление об отключении",
            "направление уведомления hasResource адрес электронной почты пол",
            "направление уведомления hasResource личный кабинет"
        ],
        "chunk_id": "25"
    },
    {
        "label": "адрес электронной почты получателя",
        "abbreviation": "",
        "type": "Resource",
        "hasStatement": [
            "адрес электронной почты пол isResourceOf направление уведомления"
        ],
        "chunk_id": "25"
    },
    {
        "label": "Личный кабинет",
        "abbreviation": "",
        "type": "Resource",
        "hasStatement": [
            "личный кабинет isResourceOf направление уведомления"
        ],
        "chunk_id": "25"
    },
    {
        "label": "прекращение взаимодействия",
        "abbreviation": "",
        "type": "Process",
        "hasStatement": [
            "прекращение взаимодействия relation получатель",
            "прекращение взаимодействия hasResult РУ\"@ru"
        ],
        "chunk_id": "25"
    },
    {
        "label": "не осуществление расчетов",
        "abbreviation": "",
        "type": "Process",
        "hasStatement": [],
        "chunk_id": "25"
    },
    {
        "label": "приостановка переводов",
        "abbreviation": "",
        "type": "Process",
        "hasStatement": [],
        "chunk_id": "25"
    },
    {
        "label": "отключение от системы мон",
        "abbreviation": "",
        "type": "Event",
        "hasStatement": [],
        "chunk_id": "25"
    },
    {
        "label": "РУ\"@ru",
        "abbreviation": "",
        "type": "Unknown",
        "hasStatement": [
            "РУ\"@ru isResultOf прекращение взаимодействия"
        ],
        "chunk_id": "25"
    }
]