[
    {
        "label": "Получатель",
        "abbreviation": "",
        "type": "Agent",
        "hasStatement": [],
        "chunk_id": "95"
    },
    {
        "label": "НКО",
        "abbreviation": "",
        "type": "Agent",
        "hasStatement": [
            "нко Initiates запрос информации",
            "нко isActorOf запрос информации"
        ],
        "chunk_id": "95"
    },
    {
        "label": "Запрос информации",
        "abbreviation": "",
        "type": "Process",
        "hasStatement": [
            "запрос информации hasActor нко",
            "запрос информации hasResource уведомление о расторжении догов",
            "запрос информации hasResource соглашение о расторжении догов"
        ],
        "chunk_id": "95"
    },
    {
        "label": "Договор",
        "abbreviation": "",
        "type": "Resource",
        "hasStatement": [
            "договор isPartOf уведомление о расторжении догов"
        ],
        "chunk_id": "95"
    },
    {
        "label": "Уведомление о расторжении Договора",
        "abbreviation": "",
        "type": "Resource",
        "hasStatement": [
            "уведомление о расторжении догов hasPart договор",
            "уведомление о расторжении догов isResourceOf запрос информации"
        ],
        "chunk_id": "95"
    },
    {
        "label": "Соглашение о расторжении Договора",
        "abbreviation": "",
        "type": "Resource",
        "hasStatement": [
            "соглашение о расторжении догов isResourceOf запрос информации"
        ],
        "chunk_id": "95"
    },
    {
        "label": "Информация о банковских реквизитах",
        "abbreviation": "",
        "type": "Resource",
        "hasStatement": [
            "информация о банковских реквизитах isResourceOf перечисление остатка денежных сре"
        ],
        "chunk_id": "95"
    },
    {
        "label": "Перечисление остатка денежных средств",
        "abbreviation": "",
        "type": "Process",
        "hasStatement": [
            "перечисление остатка денежных сре hasResource информация о банковских реквизитах"
        ],
        "chunk_id": "95"
    },
    {
        "label": "Остаток денежных средств",
        "abbreviation": "",
        "type": "Resource",
        "hasStatement": [],
        "chunk_id": "95"
    },
    {
        "label": "Повторный запрос",
        "abbreviation": "",
        "type": "Resource",
        "hasStatement": [
            "повторный запрос isResultOf направление повторного запроса"
        ],
        "chunk_id": "95"
    },
    {
        "label": "Направление повторного запроса",
        "abbreviation": "",
        "type": "Process",
        "hasStatement": [
            "направление повторного запроса hasResult повторный запрос"
        ],
        "chunk_id": "95"
    },
    {
        "label": "Невостребованный остаток",
        "abbreviation": "",
        "type": "Resource",
        "hasStatement": [
            "невостребованный остаток isResourceOf списание"
        ],
        "chunk_id": "95"
    },
    {
        "label": "Списание",
        "abbreviation": "",
        "type": "Process",
        "hasStatement": [
            "списание hasResource невостребованный остаток"
        ],
        "chunk_id": "95"
    },
    {
        "label": "Срок исковой давности",
        "abbreviation": "",
        "type": "Resource",
        "hasStatement": [],
        "chunk_id": "95"
    },
    {
        "label": "Подписание соглашения о расторжении Договора",
        "abbreviation": "",
        "type": "Event",
        "hasStatement": [],
        "chunk_id": "95"
    },
    {
        "label": "Получение Получателем уведомления о расторжении Договора",
        "abbreviation": "",
        "type": "Event",
        "hasStatement": [],
        "chunk_id": "95"
    },
    {
        "label": "Истечение срока исковой давности",
        "abbreviation": "",
        "type": "Event",
        "hasStatement": [
            "истечение срока исковой давности Initiates списание"
        ],
        "chunk_id": "95"
    }
]