[
    {
        "label": "регистрация Получателя",
        "abbreviation": "",
        "type": "Process",
        "hasStatement": [],
        "chunk_id": "37"
    },
    {
        "label": "настройки системы монетару",
        "abbreviation": "",
        "type": "Resource",
        "hasStatement": [
            "настройки системы монетару hasResponsible нко"
        ],
        "chunk_id": "37"
    },
    {
        "label": "РУ\"@ru",
        "abbreviation": "",
        "type": "Unknown",
        "hasStatement": [
            "РУ\"@ru isResourceOf прием распоряжений от платель",
            "РУ\"@ru isResourceOf информационный обмен сообщен",
            "РУ\"@ru isActorOf работа системы монетару"
        ],
        "chunk_id": "37"
    },
    {
        "label": "прием Распоряжений от Плательщиков",
        "abbreviation": "",
        "type": "Process",
        "hasStatement": [
            "прием распоряжений от платель hasResource РУ\"@ru",
            "прием распоряжений от платель isPartOf работа системы монетару",
            "прием распоряжений от платель hasActor плательщики",
            "прием распоряжений от платель hasResource распоряжения",
            "прием распоряжений от платель hasResponsible нко"
        ],
        "chunk_id": "37"
    },
    {
        "label": "информационный обмен Сообщениями",
        "abbreviation": "",
        "type": "Process",
        "hasStatement": [
            "информационный обмен сообщен hasResource РУ\"@ru",
            "информационный обмен сообщен isPartOf работа системы монетару",
            "информационный обмен сообщен hasActor получатель",
            "информационный обмен сообщен hasResource сообщения"
        ],
        "chunk_id": "37"
    },
    {
        "label": "работа системы монетару",
        "abbreviation": "",
        "type": "Process",
        "hasStatement": [
            "работа системы монетару hasPart прием распоряжений от платель",
            "работа системы монетару hasPart информационный обмен сообщен",
            "работа системы монетару hasActor РУ\"@ru",
            "работа системы монетару hasResponsible нко"
        ],
        "chunk_id": "37"
    },
    {
        "label": "Плательщики",
        "abbreviation": "",
        "type": "Agent",
        "hasStatement": [
            "плательщики isActorOf прием распоряжений от платель"
        ],
        "chunk_id": "37"
    },
    {
        "label": "Получатель",
        "abbreviation": "",
        "type": "Agent",
        "hasStatement": [
            "получатель isActorOf информационный обмен сообщен",
            "получатель isActorOf передача сообщений"
        ],
        "chunk_id": "37"
    },
    {
        "label": "передача Сообщений",
        "abbreviation": "",
        "type": "Process",
        "hasStatement": [
            "передача сообщений hasActor получатель",
            "передача сообщений hasResource сообщения",
            "передача сообщений hasResponsible нко"
        ],
        "chunk_id": "37"
    },
    {
        "label": "система монетару",
        "abbreviation": "",
        "type": "Agent",
        "hasStatement": [],
        "chunk_id": "37"
    },
    {
        "label": "Распоряжения",
        "abbreviation": "",
        "type": "Resource",
        "hasStatement": [
            "распоряжения isResourceOf прием распоряжений от платель"
        ],
        "chunk_id": "37"
    },
    {
        "label": "Переводы",
        "abbreviation": "",
        "type": "Process",
        "hasStatement": [
            "переводы hasResponsible нко"
        ],
        "chunk_id": "37"
    },
    {
        "label": "положительный ответ на авторизацию",
        "abbreviation": "",
        "type": "Event",
        "hasStatement": [
            "положительный ответ на авториз Initiates переводы"
        ],
        "chunk_id": "37"
    },
    {
        "label": "Сообщения",
        "abbreviation": "",
        "type": "Resource",
        "hasStatement": [
            "сообщения isResourceOf информационный обмен сообщен",
            "сообщения isResourceOf передача сообщений"
        ],
        "chunk_id": "37"
    },
    {
        "label": "НКО",
        "abbreviation": "",
        "type": "Agent",
        "hasStatement": [
            "нко isResponsibleFor настройки системы монетару",
            "нко isResponsibleFor работа системы монетару",
            "нко isResponsibleFor прием распоряжений от платель",
            "нко isResponsibleFor переводы",
            "нко isResponsibleFor передача сообщений"
        ],
        "chunk_id": "37"
    }
]