[
    {
        "label": "НКО",
        "abbreviation": "",
        "type": "Agent",
        "hasStatement": [
            "нко isActorOf перечисление суммы переводов получателю"
        ],
        "chunk_id": "45"
    },
    {
        "label": "перечисление суммы Переводов Получателю",
        "abbreviation": "",
        "type": "Process",
        "hasStatement": [
            "перечисление суммы переводов получателю hasActor нко",
            "перечисление суммы переводов получателю hasActor получатель",
            "перечисление суммы переводов получателю hasResource сумма переводов"
        ],
        "chunk_id": "45"
    },
    {
        "label": "Получатель",
        "abbreviation": "",
        "type": "Agent",
        "hasStatement": [
            "получатель isActorOf перечисление суммы переводов получателю",
            "получатель isResponsibleFor расходы нко"
        ],
        "chunk_id": "45"
    },
    {
        "label": "расходы НКО",
        "abbreviation": "",
        "type": "Resource",
        "hasStatement": [
            "расходы нко hasResponsible получатель",
            "расходы нко isResultOf возврат средств плательщику"
        ],
        "chunk_id": "45"
    },
    {
        "label": "Плательщик",
        "abbreviation": "",
        "type": "Agent",
        "hasStatement": [
            "плательщик isActorOf возврат средств плательщику"
        ],
        "chunk_id": "45"
    },
    {
        "label": "возврат средств Плательщику",
        "abbreviation": "",
        "type": "Process",
        "hasStatement": [
            "возврат средств плательщику hasActor плательщик",
            "возврат средств плательщику hasResource средства",
            "возврат средств плательщику hasResult расходы нко"
        ],
        "chunk_id": "45"
    },
    {
        "label": "Эквайрер",
        "abbreviation": "",
        "type": "Agent",
        "hasStatement": [
            "эквайрер isActorOf предоставление информации"
        ],
        "chunk_id": "45"
    },
    {
        "label": "предоставление информации",
        "abbreviation": "",
        "type": "Process",
        "hasStatement": [
            "предоставление информации hasActor эквайрер",
            "предоставление информации hasResource информация о получателе"
        ],
        "chunk_id": "45"
    },
    {
        "label": "МПС",
        "abbreviation": "",
        "type": "Agent",
        "hasStatement": [
            "мпс isActorOf передача информации"
        ],
        "chunk_id": "45"
    },
    {
        "label": "передача информации",
        "abbreviation": "",
        "type": "Process",
        "hasStatement": [
            "передача информации hasActor мпс"
        ],
        "chunk_id": "45"
    },
    {
        "label": "отказ в перечислении",
        "abbreviation": "",
        "type": "Process",
        "hasStatement": [],
        "chunk_id": "45"
    },
    {
        "label": "сокращение сроков",
        "abbreviation": "",
        "type": "Process",
        "hasStatement": [],
        "chunk_id": "45"
    },
    {
        "label": "сумма Переводов",
        "abbreviation": "",
        "type": "Resource",
        "hasStatement": [
            "сумма переводов isResourceOf перечисление суммы переводов получателю"
        ],
        "chunk_id": "45"
    },
    {
        "label": "средства",
        "abbreviation": "",
        "type": "Resource",
        "hasStatement": [
            "средства isResourceOf возврат средств плательщику"
        ],
        "chunk_id": "45"
    },
    {
        "label": "информация о Получателе",
        "abbreviation": "",
        "type": "Resource",
        "hasStatement": [
            "информация о получателе isResourceOf предоставление информации"
        ],
        "chunk_id": "45"
    },
    {
        "label": "Платежные средства Плательщика",
        "abbreviation": "",
        "type": "Resource",
        "hasStatement": [],
        "chunk_id": "45"
    },
    {
        "label": "решение НКО",
        "abbreviation": "",
        "type": "Event",
        "hasStatement": [
            "решение нко Initiates сокращение сроков"
        ],
        "chunk_id": "45"
    }
]