[
    {
        "label": "НКО",
        "abbreviation": "",
        "type": "Agent",
        "hasStatement": [],
        "chunk_id": "118"
    },
    {
        "label": "Получатель",
        "abbreviation": "",
        "type": "Agent",
        "hasStatement": [],
        "chunk_id": "118"
    },
    {
        "label": "НКО «МОНЕТА» (ООО)",
        "abbreviation": "",
        "type": "Agent",
        "hasStatement": [
            "нко монета ооо isResponsibleFor тарифы"
        ],
        "chunk_id": "118"
    },
    {
        "label": "Тарифы",
        "abbreviation": "",
        "type": "Resource",
        "hasStatement": [
            "тарифы hasResponsible нко монета ооо"
        ],
        "chunk_id": "118"
    },
    {
        "label": "Требование",
        "abbreviation": "",
        "type": "Resource",
        "hasStatement": [],
        "chunk_id": "118"
    },
    {
        "label": "Договор",
        "abbreviation": "",
        "type": "Resource",
        "hasStatement": [],
        "chunk_id": "118"
    },
    {
        "label": "интернет-ресурс",
        "abbreviation": "",
        "type": "Resource",
        "hasStatement": [
            "интернет ресурс isResourceOf прием переводов от физических лиц"
        ],
        "chunk_id": "118"
    },
    {
        "label": "прием переводов от физических лиц",
        "abbreviation": "",
        "type": "Process",
        "hasStatement": [
            "прием переводов от физических лиц hasResource интернет ресурс",
            "прием переводов от физических лиц hasResource тариф",
            "прием переводов от физических лиц hasResource набор платежных инструментов"
        ],
        "chunk_id": "118"
    },
    {
        "label": "Тариф",
        "abbreviation": "",
        "type": "Resource",
        "hasStatement": [
            "тариф isResourceOf прием переводов от физических лиц"
        ],
        "chunk_id": "118"
    },
    {
        "label": "набор платежных инструментов",
        "abbreviation": "",
        "type": "Resource",
        "hasStatement": [
            "набор платежных инструментов isResourceOf прием переводов от физических лиц"
        ],
        "chunk_id": "118"
    },
    {
        "label": "система монетару",
        "abbreviation": "",
        "type": "Resource",
        "hasStatement": [],
        "chunk_id": "118"
    },
    {
        "label": "РУ\"@ru",
        "abbreviation": "",
        "type": "Unknown",
        "hasStatement": [
            "РУ\"@ru isResourceOf получение и передача информации о"
        ],
        "chunk_id": "118"
    },
    {
        "label": "получение и передача информации о переводах",
        "abbreviation": "",
        "type": "Process",
        "hasStatement": [
            "получение и передача информации о hasResource РУ\"@ru"
        ],
        "chunk_id": "118"
    }
]