[
    {
        "label": "Памятка о порядке действий в случае наличия подозрения о компрометации средств доступа к счету",
        "abbreviation": "",
        "type": "Resource",
        "hasStatement": [
            "памятка о порядке действий в случае isResourceOf обеспечение информационной безо",
            "памятка о порядке действий в случае isPartOf раздел безопасность сайта нко"
        ],
        "chunk_id": "57"
    },
    {
        "label": "обеспечение информационной безопасности",
        "abbreviation": "",
        "type": "Process",
        "hasStatement": [
            "обеспечение информационной безо hasResource памятка о порядке действий в случае",
            "обеспечение информационной безо hasResource правила безопасности при доступе к"
        ],
        "chunk_id": "57"
    },
    {
        "label": "раздел «Безопасность» Сайта НКО",
        "abbreviation": "",
        "type": "Resource",
        "hasStatement": [
            "раздел безопасность сайта нко hasPart памятка о порядке действий в случае",
            "раздел безопасность сайта нко hasPart правила безопасности при доступе к"
        ],
        "chunk_id": "57"
    },
    {
        "label": "Правила безопасности при доступе к счетам и совершении операций по переводу электронных денежных средств",
        "abbreviation": "",
        "type": "Resource",
        "hasStatement": [
            "правила безопасности при доступе к isResourceOf обеспечение информационной безо",
            "правила безопасности при доступе к isPartOf раздел безопасность сайта нко"
        ],
        "chunk_id": "57"
    },
    {
        "label": "НКО",
        "abbreviation": "",
        "type": "Agent",
        "hasStatement": [
            "нко isActorOf согласование раскрытия информац"
        ],
        "chunk_id": "57"
    },
    {
        "label": "согласование раскрытия информации",
        "abbreviation": "",
        "type": "Process",
        "hasStatement": [
            "согласование раскрытия информац hasActor нко"
        ],
        "chunk_id": "57"
    },
    {
        "label": "раскрытие информации",
        "abbreviation": "",
        "type": "Process",
        "hasStatement": [],
        "chunk_id": "57"
    }
]