[
    {
        "label": "Информация",
        "abbreviation": "",
        "type": "Resource",
        "hasStatement": [
            "информация isResourceOf разглашение информации",
            "информация isResourceOf использование информации"
        ],
        "chunk_id": "86"
    },
    {
        "label": "Разглашение информации",
        "abbreviation": "",
        "type": "Process",
        "hasStatement": [
            "разглашение информации hasResource информация",
            "разглашение информации hasActor сторона договора"
        ],
        "chunk_id": "86"
    },
    {
        "label": "Использование информации",
        "abbreviation": "",
        "type": "Process",
        "hasStatement": [
            "использование информации hasResource информация",
            "использование информации hasActor сторона договора"
        ],
        "chunk_id": "86"
    },
    {
        "label": "Третьи лица",
        "abbreviation": "",
        "type": "Agent",
        "hasStatement": [],
        "chunk_id": "86"
    },
    {
        "label": "Законодательство Российской Федерации",
        "abbreviation": "",
        "type": "Resource",
        "hasStatement": [],
        "chunk_id": "86"
    },
    {
        "label": "Письменное согласование",
        "abbreviation": "",
        "type": "Process",
        "hasStatement": [],
        "chunk_id": "86"
    },
    {
        "label": "Сторона договора",
        "abbreviation": "",
        "type": "Agent",
        "hasStatement": [
            "сторона договора isActorOf разглашение информации",
            "сторона договора isActorOf использование информации",
            "сторона договора Initiates письменное согласование"
        ],
        "chunk_id": "86"
    },
    {
        "label": "Прекращение действия Договора",
        "abbreviation": "",
        "type": "Event",
        "hasStatement": [],
        "chunk_id": "86"
    }
]