[
    {
        "label": "нко",
        "abbreviation": "",
        "type": "Unknown",
        "hasStatement": [
            "нко Initiates прекращение исполнения обязательств",
            "нко Initiates расторжение договора"
        ],
        "chunk_id": "47"
    },
    {
        "label": "изменение единоличного исполнительного",
        "abbreviation": "",
        "type": "Unknown",
        "hasStatement": [
            "изменение единоличного исполнительного relation прекращение исполнения обязательств",
            "изменение единоличного исполнительного relation расторжение договора"
        ],
        "chunk_id": "47"
    },
    {
        "label": "изменение бенефициарного владельца",
        "abbreviation": "",
        "type": "Unknown",
        "hasStatement": [
            "изменение бенефициарного владельца relation прекращение исполнения обязательств",
            "изменение бенефициарного владельца relation расторжение договора"
        ],
        "chunk_id": "47"
    },
    {
        "label": "изменение данных документа",
        "abbreviation": "",
        "type": "Unknown",
        "hasStatement": [
            "изменение данных документа relation прекращение исполнения обязательств",
            "изменение данных документа relation расторжение договора"
        ],
        "chunk_id": "47"
    },
    {
        "label": "отсутствие уведомления",
        "abbreviation": "",
        "type": "Unknown",
        "hasStatement": [
            "отсутствие уведомления relation прекращение исполнения обязательств",
            "отсутствие уведомления relation расторжение договора"
        ],
        "chunk_id": "47"
    },
    {
        "label": "прекращение исполнения обязательств",
        "abbreviation": "",
        "type": "Process",
        "hasStatement": [
            "прекращение исполнения обязательств relation отсутствие уведомления",
            "прекращение исполнения обязательств relation изменение единоличного исполнительного",
            "прекращение исполнения обязательств relation изменение бенефициарного владельца",
            "прекращение исполнения обязательств relation изменение данных документа"
        ],
        "chunk_id": "47"
    },
    {
        "label": "расторжение договора",
        "abbreviation": "",
        "type": "Process",
        "hasStatement": [
            "расторжение договора relation отсутствие уведомления",
            "расторжение договора relation изменение единоличного исполнительного",
            "расторжение договора relation изменение бенефициарного владельца",
            "расторжение договора relation изменение данных документа",
            "расторжение договора hasResult уведомление"
        ],
        "chunk_id": "47"
    },
    {
        "label": "Получатель",
        "abbreviation": "",
        "type": "Agent",
        "hasStatement": [
            "получатель relation прекращение договорных отношений",
            "получатель relation торговая площадка"
        ],
        "chunk_id": "47"
    },
    {
        "label": "прекращение договорных отношений",
        "abbreviation": "",
        "type": "Unknown",
        "hasStatement": [
            "прекращение договорных отношений Initiates расторжение договора",
            "прекращение договорных отношений relation торговая площадка",
            "прекращение договорных отношений relation получатель"
        ],
        "chunk_id": "47"
    },
    {
        "label": "уведомление",
        "abbreviation": "",
        "type": "Unknown",
        "hasStatement": [
            "уведомление isResultOf расторжение договора",
            "уведомление relation личный кабинет",
            "уведомление relation адрес электронной почты"
        ],
        "chunk_id": "47"
    },
    {
        "label": "Личный кабинет",
        "abbreviation": "",
        "type": "Resource",
        "hasStatement": [
            "личный кабинет relation уведомление"
        ],
        "chunk_id": "47"
    },
    {
        "label": "адрес электронной почты",
        "abbreviation": "",
        "type": "Unknown",
        "hasStatement": [
            "адрес электронной почты relation уведомление",
            "адрес электронной почты isPartOf заявление"
        ],
        "chunk_id": "47"
    },
    {
        "label": "Заявление",
        "abbreviation": "",
        "type": "Resource",
        "hasStatement": [
            "заявление hasPart адрес электронной почты"
        ],
        "chunk_id": "47"
    },
    {
        "label": "торговая площадка",
        "abbreviation": "",
        "type": "Unknown",
        "hasStatement": [
            "торговая площадка relation прекращение договорных отношений",
            "торговая площадка relation получатель"
        ],
        "chunk_id": "47"
    }
]