[
    {
        "label": "Права требования к НКО",
        "abbreviation": "",
        "type": "Resource",
        "hasStatement": [
            "права требования к нко isResourceOf передача уступка прав требова"
        ],
        "chunk_id": "36"
    },
    {
        "label": "передача (уступка) прав требования",
        "abbreviation": "",
        "type": "Process",
        "hasStatement": [
            "передача уступка прав требова hasResource права требования к нко",
            "передача уступка прав требова hasActor получатель",
            "передача уступка прав требова hasResource письменное согласие нко"
        ],
        "chunk_id": "36"
    },
    {
        "label": "Получатель",
        "abbreviation": "",
        "type": "Agent",
        "hasStatement": [
            "получатель isActorOf передача уступка прав требова"
        ],
        "chunk_id": "36"
    },
    {
        "label": "НКО",
        "abbreviation": "",
        "type": "Agent",
        "hasStatement": [],
        "chunk_id": "36"
    },
    {
        "label": "Договор",
        "abbreviation": "",
        "type": "Resource",
        "hasStatement": [],
        "chunk_id": "36"
    },
    {
        "label": "третьи лица",
        "abbreviation": "",
        "type": "Agent",
        "hasStatement": [],
        "chunk_id": "36"
    },
    {
        "label": "письменное согласие НКО",
        "abbreviation": "",
        "type": "Resource",
        "hasStatement": [
            "письменное согласие нко isResourceOf передача уступка прав требова"
        ],
        "chunk_id": "36"
    }
]