[
    {
        "label": "отложить перечисление получателю сумм",
        "abbreviation": "",
        "type": "Unknown",
        "hasStatement": [
            "отложить перечисление получателю сумм hasResource переводы",
            "отложить перечисление получателю сумм relation осуществление перечисления"
        ],
        "chunk_id": "44"
    },
    {
        "label": "Переводы",
        "abbreviation": "",
        "type": "Resource",
        "hasStatement": [
            "переводы isResourceOf отложить перечисление получателю сумм"
        ],
        "chunk_id": "44"
    },
    {
        "label": "решение суда",
        "abbreviation": "",
        "type": "Resource",
        "hasStatement": [],
        "chunk_id": "44"
    },
    {
        "label": "определение суда",
        "abbreviation": "",
        "type": "Resource",
        "hasStatement": [],
        "chunk_id": "44"
    },
    {
        "label": "подозрение относительно правомерности",
        "abbreviation": "",
        "type": "Event",
        "hasStatement": [
            "подозрение относительно правоме Initiates отложить перечисление получателю сумм"
        ],
        "chunk_id": "44"
    },
    {
        "label": "запросы от правоохранительных органов",
        "abbreviation": "",
        "type": "Resource",
        "hasStatement": [],
        "chunk_id": "44"
    },
    {
        "label": "уведомления от Эквайреров",
        "abbreviation": "",
        "type": "Resource",
        "hasStatement": [
            "уведомления от эквайреров hasResponsible эквайреры"
        ],
        "chunk_id": "44"
    },
    {
        "label": "проведенные операции являются мошенническими",
        "abbreviation": "",
        "type": "Event",
        "hasStatement": [
            "операции являются мошенническ Initiates отложить перечисление получателю сумм"
        ],
        "chunk_id": "44"
    },
    {
        "label": "Уведомление о приостановлении",
        "abbreviation": "",
        "type": "Resource",
        "hasStatement": [],
        "chunk_id": "44"
    },
    {
        "label": "осуществление Перечисления",
        "abbreviation": "",
        "type": "Process",
        "hasStatement": [
            "осуществление перечисления relation отложить перечисление получателю сумм"
        ],
        "chunk_id": "44"
    },
    {
        "label": "Эквайреры",
        "abbreviation": "",
        "type": "Agent",
        "hasStatement": [
            "эквайреры isResponsibleFor уведомления от эквайреров"
        ],
        "chunk_id": "44"
    }
]