[
    {
        "label": "Получатель",
        "abbreviation": "",
        "type": "Agent",
        "hasStatement": [
            "получатель isActorOf обновление данных",
            "получатель isActorOf уведомление нко",
            "получатель isResponsibleFor уведомление нко"
        ],
        "chunk_id": "55"
    },
    {
        "label": "Обновление данных",
        "abbreviation": "",
        "type": "Process",
        "hasStatement": [
            "обновление данных hasActor получатель",
            "обновление данных hasResource данные в личном кабинете"
        ],
        "chunk_id": "55"
    },
    {
        "label": "Уведомление НКО",
        "abbreviation": "",
        "type": "Process",
        "hasStatement": [
            "уведомление нко hasActor получатель",
            "уведомление нко hasResponsible получатель"
        ],
        "chunk_id": "55"
    },
    {
        "label": "Данные в личном кабинете",
        "abbreviation": "",
        "type": "Resource",
        "hasStatement": [
            "данные в личном кабинете isResourceOf обновление данных"
        ],
        "chunk_id": "55"
    },
    {
        "label": "Отсутствие информации об изменении данных",
        "abbreviation": "",
        "type": "Event",
        "hasStatement": [],
        "chunk_id": "55"
    },
    {
        "label": "Изменение единоличного исполнительного органа",
        "abbreviation": "",
        "type": "Event",
        "hasStatement": [
            "изменение единоличного исполнительного о Initiates уведомление нко"
        ],
        "chunk_id": "55"
    },
    {
        "label": "Изменение бенефициарного владельца",
        "abbreviation": "",
        "type": "Event",
        "hasStatement": [
            "изменение бенефициарного владельца Initiates уведомление нко"
        ],
        "chunk_id": "55"
    },
    {
        "label": "Изменение данных документа",
        "abbreviation": "",
        "type": "Event",
        "hasStatement": [
            "изменение данных документа Initiates уведомление нко"
        ],
        "chunk_id": "55"
    },
    {
        "label": "Документ, удостоверяющий личность",
        "abbreviation": "",
        "type": "Resource",
        "hasStatement": [],
        "chunk_id": "55"
    }
]