[
    {
        "label": "НКО",
        "abbreviation": "",
        "type": "Agent",
        "hasStatement": [
            "нко isActorOf формирование акта",
            "нко isActorOf размещение акта"
        ],
        "chunk_id": "78"
    },
    {
        "label": "формирование Акта",
        "abbreviation": "",
        "type": "Process",
        "hasStatement": [
            "формирование акта hasActor нко",
            "формирование акта hasResult акт",
            "формирование акта hasResource интернет магазин",
            "формирование акта hasResult акт"
        ],
        "chunk_id": "78"
    },
    {
        "label": "размещение Акта",
        "abbreviation": "",
        "type": "Process",
        "hasStatement": [
            "размещение акта hasActor нко",
            "размещение акта hasResource акт",
            "размещение акта hasResource личный кабинет",
            "размещение акта hasResource акт",
            "размещение акта hasResource личный кабинет"
        ],
        "chunk_id": "78"
    },
    {
        "label": "Получатель",
        "abbreviation": "",
        "type": "Agent",
        "hasStatement": [
            "получатель isActorOf сверка данных",
            "получатель isActorOf обращение в нко"
        ],
        "chunk_id": "78"
    },
    {
        "label": "сверка данных",
        "abbreviation": "",
        "type": "Process",
        "hasStatement": [
            "сверка данных hasActor получатель",
            "сверка данных hasResource данные",
            "сверка данных hasResource данные"
        ],
        "chunk_id": "78"
    },
    {
        "label": "обращение в НКО",
        "abbreviation": "",
        "type": "Process",
        "hasStatement": [
            "обращение в нко hasActor получатель",
            "обращение в нко hasResource электронная почта",
            "обращение в нко hasResource электронная почта"
        ],
        "chunk_id": "78"
    },
    {
        "label": "Акт",
        "abbreviation": "",
        "type": "Resource",
        "hasStatement": [
            "акт isResultOf формирование акта",
            "акт isResourceOf размещение акта",
            "акт hasPart данные",
            "акт isResultOf формирование акта",
            "акт isResourceOf размещение акта"
        ],
        "chunk_id": "78"
    },
    {
        "label": "Интернет-магазин",
        "abbreviation": "",
        "type": "Resource",
        "hasStatement": [
            "интернет магазин isResourceOf формирование акта"
        ],
        "chunk_id": "78"
    },
    {
        "label": "Личный кабинет",
        "abbreviation": "",
        "type": "Resource",
        "hasStatement": [
            "личный кабинет isResourceOf размещение акта",
            "личный кабинет isResourceOf размещение акта"
        ],
        "chunk_id": "78"
    },
    {
        "label": "данные",
        "abbreviation": "",
        "type": "Resource",
        "hasStatement": [
            "данные isPartOf акт",
            "данные isResourceOf сверка данных",
            "данные isResourceOf сверка данных"
        ],
        "chunk_id": "78"
    },
    {
        "label": "электронная почта",
        "abbreviation": "",
        "type": "Resource",
        "hasStatement": [
            "электронная почта isResourceOf обращение в нко",
            "электронная почта isResourceOf обращение в нко"
        ],
        "chunk_id": "78"
    },
    {
        "label": "несогласие с данными в Акте",
        "abbreviation": "",
        "type": "Event",
        "hasStatement": [
            "несогласие с данными в акте Initiates обращение в нко"
        ],
        "chunk_id": "78"
    }
]