[
    {
        "label": "Получатель",
        "abbreviation": "",
        "type": "Agent",
        "hasStatement": [
            "получатель isActorOf возмещение"
        ],
        "chunk_id": "69"
    },
    {
        "label": "Возмещение",
        "abbreviation": "",
        "type": "Process",
        "hasStatement": [
            "возмещение hasActor получатель",
            "возмещение hasActor нко",
            "возмещение hasResource недействительный перевод",
            "возмещение hasResource штрафы",
            "возмещение hasResource документы",
            "возмещение hasPart зачет"
        ],
        "chunk_id": "69"
    },
    {
        "label": "НКО",
        "abbreviation": "",
        "type": "Agent",
        "hasStatement": [
            "нко isActorOf возмещение",
            "нко isResponsibleFor документы"
        ],
        "chunk_id": "69"
    },
    {
        "label": "документы",
        "abbreviation": "",
        "type": "Resource",
        "hasStatement": [
            "документы hasResponsible нко",
            "документы isResourceOf возмещение"
        ],
        "chunk_id": "69"
    },
    {
        "label": "Эквайрер",
        "abbreviation": "",
        "type": "Agent",
        "hasStatement": [
            "эквайрер isResponsibleFor штрафы"
        ],
        "chunk_id": "69"
    },
    {
        "label": "Штрафы",
        "abbreviation": "",
        "type": "Resource",
        "hasStatement": [
            "штрафы hasResponsible эквайрер",
            "штрафы isResourceOf возмещение",
            "штрафы isResourceOf зачет"
        ],
        "chunk_id": "69"
    },
    {
        "label": "Эмитенты",
        "abbreviation": "",
        "type": "Agent",
        "hasStatement": [],
        "chunk_id": "69"
    },
    {
        "label": "Недействительный перевод",
        "abbreviation": "",
        "type": "Resource",
        "hasStatement": [
            "недействительный перевод isResourceOf возмещение",
            "недействительный перевод isResourceOf зачет"
        ],
        "chunk_id": "69"
    },
    {
        "label": "зачет",
        "abbreviation": "",
        "type": "Process",
        "hasStatement": [
            "зачет hasResource недействительный перевод",
            "зачет hasResource штрафы",
            "зачет isPartOf возмещение",
            "зачет hasResource перечисление"
        ],
        "chunk_id": "69"
    },
    {
        "label": "расходы",
        "abbreviation": "",
        "type": "Resource",
        "hasStatement": [],
        "chunk_id": "69"
    },
    {
        "label": "Перечисление",
        "abbreviation": "",
        "type": "Resource",
        "hasStatement": [
            "перечисление isResourceOf зачет"
        ],
        "chunk_id": "69"
    }
]