[
    {
        "label": "Индивидуальное изменение Тарифа Получателя",
        "abbreviation": "",
        "type": "Process",
        "hasStatement": [
            "индивидуальное изменение тарифа полу hasResult решение",
            "индивидуальное изменение тарифа полу hasPart уведомление получателя",
            "индивидуальное изменение тарифа полу hasResult изменения вступают в силу"
        ],
        "chunk_id": "73"
    },
    {
        "label": "нко",
        "abbreviation": "",
        "type": "Unknown",
        "hasStatement": [
            "нко Initiates индивидуальное изменение тарифа полу",
            "нко isActorOf уведомление получателя"
        ],
        "chunk_id": "73"
    },
    {
        "label": "получатель",
        "abbreviation": "",
        "type": "Unknown",
        "hasStatement": [
            "получатель isActorOf использование системы монетару",
            "получатель isActorOf осуществление переводов"
        ],
        "chunk_id": "73"
    },
    {
        "label": "Решение",
        "abbreviation": "",
        "type": "Resource",
        "hasStatement": [
            "решение isResultOf индивидуальное изменение тарифа полу"
        ],
        "chunk_id": "73"
    },
    {
        "label": "Личный кабинет",
        "abbreviation": "",
        "type": "Resource",
        "hasStatement": [
            "личный кабинет isResourceOf уведомление получателя"
        ],
        "chunk_id": "73"
    },
    {
        "label": "Уведомление Получателя",
        "abbreviation": "",
        "type": "Process",
        "hasStatement": [
            "уведомление получателя hasResource личный кабинет",
            "уведомление получателя hasResource электронная почта",
            "уведомление получателя isPartOf индивидуальное изменение тарифа полу",
            "уведомление получателя hasActor нко"
        ],
        "chunk_id": "73"
    },
    {
        "label": "Электронная почта",
        "abbreviation": "",
        "type": "Resource",
        "hasStatement": [
            "электронная почта isResourceOf уведомление получателя"
        ],
        "chunk_id": "73"
    },
    {
        "label": "Изменения вступают в силу",
        "abbreviation": "",
        "type": "Event",
        "hasStatement": [
            "изменения вступают в силу isResultOf индивидуальное изменение тарифа полу",
            "изменения вступают в силу Initiates использование системы монетару",
            "изменения вступают в силу Initiates осуществление переводов"
        ],
        "chunk_id": "73"
    },
    {
        "label": "использование системы монетару",
        "abbreviation": "",
        "type": "Process",
        "hasStatement": [
            "использование системы монетару hasResult безусловное согласие",
            "использование системы монетару hasResource РУ\"@ru",
            "использование системы монетару hasActor получатель"
        ],
        "chunk_id": "73"
    },
    {
        "label": "РУ\"@ru",
        "abbreviation": "",
        "type": "Unknown",
        "hasStatement": [
            "РУ\"@ru isResourceOf использование системы монетару"
        ],
        "chunk_id": "73"
    },
    {
        "label": "Осуществление Переводов",
        "abbreviation": "",
        "type": "Process",
        "hasStatement": [
            "осуществление переводов hasResult безусловное согласие",
            "осуществление переводов hasResource переводы",
            "осуществление переводов hasActor получатель"
        ],
        "chunk_id": "73"
    },
    {
        "label": "Безусловное согласие",
        "abbreviation": "",
        "type": "Event",
        "hasStatement": [
            "безусловное согласие isResultOf использование системы монетару",
            "безусловное согласие isResultOf осуществление переводов"
        ],
        "chunk_id": "73"
    },
    {
        "label": "система монетару",
        "abbreviation": "",
        "type": "Resource",
        "hasStatement": [],
        "chunk_id": "73"
    },
    {
        "label": "Переводы",
        "abbreviation": "",
        "type": "Resource",
        "hasStatement": [
            "переводы isResourceOf осуществление переводов"
        ],
        "chunk_id": "73"
    }
]