[
    {
        "label": "Прекращение исполнения обязательств",
        "abbreviation": "",
        "type": "Unknown",
        "hasStatement": [
            "прекращение исполнения обязательств relation расторжение договора"
        ],
        "chunk_id": "40"
    },
    {
        "label": "Расторжение договора",
        "abbreviation": "",
        "type": "Unknown",
        "hasStatement": [
            "расторжение договора relation прекращение исполнения обязательств",
            "расторжение договора relation получение информации",
            "расторжение договора hasResource договор",
            "расторжение договора hasResource информация"
        ],
        "chunk_id": "40"
    },
    {
        "label": "Получение информации",
        "abbreviation": "",
        "type": "Unknown",
        "hasStatement": [
            "получение информации relation расторжение договора",
            "получение информации Initiates расторжение договора",
            "получение информации relation информация"
        ],
        "chunk_id": "40"
    },
    {
        "label": "Договор",
        "abbreviation": "",
        "type": "Unknown",
        "hasStatement": [
            "договор isResourceOf расторжение договора",
            "договор relation получатель",
            "договор relation недействительные переводы"
        ],
        "chunk_id": "40"
    },
    {
        "label": "Получатель",
        "abbreviation": "",
        "type": "Unknown",
        "hasStatement": [
            "получатель relation договор",
            "получатель relation подключение к системе монета ру",
            "получатель relation установление тарифа",
            "получатель relation тариф"
        ],
        "chunk_id": "40"
    },
    {
        "label": "Подключение к системе МОНЕТА РУ",
        "abbreviation": "",
        "type": "Unknown",
        "hasStatement": [
            "подключение к системе монета ру relation получатель",
            "подключение к системе монета ру hasResource система монета ру"
        ],
        "chunk_id": "40"
    },
    {
        "label": "Установление тарифа",
        "abbreviation": "",
        "type": "Unknown",
        "hasStatement": [
            "установление тарифа relation получатель",
            "установление тарифа hasResult тариф"
        ],
        "chunk_id": "40"
    },
    {
        "label": "НКО",
        "abbreviation": "",
        "type": "Unknown",
        "hasStatement": [
            "нко relation информация"
        ],
        "chunk_id": "40"
    },
    {
        "label": "Информация",
        "abbreviation": "",
        "type": "Unknown",
        "hasStatement": [
            "информация relation нко",
            "информация relation банк россии",
            "информация isResourceOf расторжение договора",
            "информация relation база данных",
            "информация relation получение информации"
        ],
        "chunk_id": "40"
    },
    {
        "label": "Банк России",
        "abbreviation": "",
        "type": "Unknown",
        "hasStatement": [
            "банк россии relation информация"
        ],
        "chunk_id": "40"
    },
    {
        "label": "База данных",
        "abbreviation": "",
        "type": "Unknown",
        "hasStatement": [
            "база данных relation информация"
        ],
        "chunk_id": "40"
    },
    {
        "label": "Расчеты",
        "abbreviation": "",
        "type": "Unknown",
        "hasStatement": [
            "расчеты relation переводы"
        ],
        "chunk_id": "40"
    },
    {
        "label": "Переводы",
        "abbreviation": "",
        "type": "Unknown",
        "hasStatement": [
            "переводы relation расчеты",
            "переводы relation недействительные переводы"
        ],
        "chunk_id": "40"
    },
    {
        "label": "Недействительные переводы",
        "abbreviation": "",
        "type": "Unknown",
        "hasStatement": [
            "недействительные переводы relation переводы",
            "недействительные переводы relation договор"
        ],
        "chunk_id": "40"
    },
    {
        "label": "Тариф",
        "abbreviation": "",
        "type": "Unknown",
        "hasStatement": [
            "тариф isResultOf установление тарифа",
            "тариф isResultOf изменение тарифа",
            "тариф relation получатель"
        ],
        "chunk_id": "40"
    },
    {
        "label": "Изменение тарифа",
        "abbreviation": "",
        "type": "Unknown",
        "hasStatement": [
            "изменение тарифа hasResult тариф"
        ],
        "chunk_id": "40"
    },
    {
        "label": "Система МОНЕТА РУ",
        "abbreviation": "",
        "type": "Unknown",
        "hasStatement": [
            "система монета ру isResourceOf подключение к системе монета ру"
        ],
        "chunk_id": "40"
    }
]