[
    {
        "label": "Заявление на перечисление по Операции возврата Перевода",
        "abbreviation": "",
        "type": "Resource",
        "hasStatement": [
            "заявление на перечисление по операции воз isResourceOf операция возврата перевода"
        ],
        "chunk_id": "109"
    },
    {
        "label": "Операция возврата Перевода",
        "abbreviation": "",
        "type": "Process",
        "hasStatement": [
            "операция возврата перевода hasResource заявление на перечисление по операции воз",
            "операция возврата перевода hasActor нко",
            "операция возврата перевода hasResource перечисление",
            "операция возврата перевода hasResource комиссия нко",
            "операция возврата перевода hasActor нко",
            "операция возврата перевода hasResource информация от эмитента"
        ],
        "chunk_id": "109"
    },
    {
        "label": "НКО",
        "abbreviation": "",
        "type": "Agent",
        "hasStatement": [
            "нко isActorOf операция возврата перевода",
            "нко isActorOf операция возврата перевода",
            "нко isActorOf доведение информации до сведения",
            "нко isResponsibleFor информация о невозможности исполнить заяв",
            "нко isResponsibleFor личный кабинет",
            "нко isActorOf доведение информации до сведения"
        ],
        "chunk_id": "109"
    },
    {
        "label": "Эмитент",
        "abbreviation": "",
        "type": "Agent",
        "hasStatement": [],
        "chunk_id": "109"
    },
    {
        "label": "Перечисление",
        "abbreviation": "",
        "type": "Resource",
        "hasStatement": [
            "перечисление isResourceOf операция возврата перевода"
        ],
        "chunk_id": "109"
    },
    {
        "label": "Комиссия НКО",
        "abbreviation": "",
        "type": "Resource",
        "hasStatement": [
            "комиссия нко isResourceOf операция возврата перевода"
        ],
        "chunk_id": "109"
    },
    {
        "label": "Тарифы",
        "abbreviation": "",
        "type": "Resource",
        "hasStatement": [],
        "chunk_id": "109"
    },
    {
        "label": "Доведение информации до сведения",
        "abbreviation": "",
        "type": "Process",
        "hasStatement": [
            "доведение информации до сведения hasActor нко",
            "доведение информации до сведения hasResource личный кабинет",
            "доведение информации до сведения hasActor нко",
            "доведение информации до сведения hasResource информация о невозможности исполнить заяв"
        ],
        "chunk_id": "109"
    },
    {
        "label": "Информация о невозможности исполнить Заявление",
        "abbreviation": "",
        "type": "Resource",
        "hasStatement": [
            "информация о невозможности исполнить заяв hasResponsible нко",
            "информация о невозможности исполнить заяв isResourceOf доведение информации до сведения"
        ],
        "chunk_id": "109"
    },
    {
        "label": "Личный кабинет",
        "abbreviation": "",
        "type": "Resource",
        "hasStatement": [
            "личный кабинет hasResponsible нко",
            "личный кабинет isResourceOf доведение информации до сведения"
        ],
        "chunk_id": "109"
    },
    {
        "label": "Получатель",
        "abbreviation": "",
        "type": "Agent",
        "hasStatement": [],
        "chunk_id": "109"
    },
    {
        "label": "поступление заявления",
        "abbreviation": "",
        "type": "Event",
        "hasStatement": [
            "поступление заявления Initiates операция возврата перевода"
        ],
        "chunk_id": "109"
    },
    {
        "label": "получение информации",
        "abbreviation": "",
        "type": "Event",
        "hasStatement": [],
        "chunk_id": "109"
    },
    {
        "label": "недостаточность суммы",
        "abbreviation": "",
        "type": "Event",
        "hasStatement": [
            "недостаточность суммы Initiates непринятие заявления"
        ],
        "chunk_id": "109"
    },
    {
        "label": "непринятие заявления",
        "abbreviation": "",
        "type": "Event",
        "hasStatement": [
            "непринятие заявления Initiates доведение информации до сведения"
        ],
        "chunk_id": "109"
    },
    {
        "label": "информация от Эмитента",
        "abbreviation": "",
        "type": "Resource",
        "hasStatement": [
            "информация от эмитента isResourceOf операция возврата перевода"
        ],
        "chunk_id": "109"
    }
]