[
    {
        "label": "Получатель",
        "abbreviation": "",
        "type": "Agent",
        "hasStatement": [
            "получатель Initiates регистрация получателя в системе мо",
            "получатель Initiates предоставление нко данных о получател",
            "получатель isActorOf регистрация получателя в системе мо",
            "получатель isActorOf предоставление нко данных о получател"
        ],
        "chunk_id": "124"
    },
    {
        "label": "регистрация получателя в системе мо",
        "abbreviation": "",
        "type": "Process",
        "hasStatement": [
            "регистрация получателя в системе мо hasActor получатель"
        ],
        "chunk_id": "124"
    },
    {
        "label": "предоставление НКО данных о Получателе",
        "abbreviation": "",
        "type": "Process",
        "hasStatement": [
            "предоставление нко данных о получател hasActor получатель"
        ],
        "chunk_id": "124"
    },
    {
        "label": "Торговая площадка",
        "abbreviation": "",
        "type": "Agent",
        "hasStatement": [
            "торговая площадка Initiates создание бизнес счета для получателя",
            "торговая площадка Initiates распоряжение денежными средствами п",
            "торговая площадка isActorOf создание бизнес счета для получателя",
            "торговая площадка isActorOf распоряжение денежными средствами п",
            "торговая площадка isResponsibleFor распоряжение денежными средствами п"
        ],
        "chunk_id": "124"
    },
    {
        "label": "создание бизнес счета для получателя",
        "abbreviation": "",
        "type": "Process",
        "hasStatement": [
            "создание бизнес счета для получателя hasActor торговая площадка"
        ],
        "chunk_id": "124"
    },
    {
        "label": "распоряжение денежными средствами Получателя",
        "abbreviation": "",
        "type": "Process",
        "hasStatement": [
            "распоряжение денежными средствами п hasActor торговая площадка",
            "распоряжение денежными средствами п hasResponsible торговая площадка"
        ],
        "chunk_id": "124"
    },
    {
        "label": "НКО",
        "abbreviation": "",
        "type": "Agent",
        "hasStatement": [
            "нко Initiates предоставление авторизационных дан",
            "нко isActorOf предоставление авторизационных дан",
            "нко isResponsibleFor предоставление авторизационных дан"
        ],
        "chunk_id": "124"
    },
    {
        "label": "предоставление Авторизационных данных",
        "abbreviation": "",
        "type": "Process",
        "hasStatement": [
            "предоставление авторизационных дан hasActor нко",
            "предоставление авторизационных дан hasResponsible нко",
            "предоставление авторизационных дан hasResult авторизационные данные"
        ],
        "chunk_id": "124"
    },
    {
        "label": "РУ\"@ru",
        "abbreviation": "",
        "type": "Unknown",
        "hasStatement": [],
        "chunk_id": "124"
    },
    {
        "label": "Авторизационные данные",
        "abbreviation": "",
        "type": "Resource",
        "hasStatement": [
            "авторизационные данные isResultOf предоставление авторизационных дан"
        ],
        "chunk_id": "124"
    },
    {
        "label": "Платежный пароль",
        "abbreviation": "",
        "type": "Resource",
        "hasStatement": [],
        "chunk_id": "124"
    },
    {
        "label": "данные о Получателе",
        "abbreviation": "",
        "type": "Resource",
        "hasStatement": [],
        "chunk_id": "124"
    }
]