[
    {
        "label": "Личный кабинет",
        "abbreviation": "",
        "type": "Resource",
        "hasStatement": [
            "личный кабинет isResourceOf доступ в личный кабинет",
            "личный кабинет isResourceOf обмен информацией документами и расп"
        ],
        "chunk_id": "8"
    },
    {
        "label": "Доступ в Личный кабинет",
        "abbreviation": "",
        "type": "Process",
        "hasStatement": [
            "доступ в личный кабинет hasResource личный кабинет",
            "доступ в личный кабинет hasActor получатель",
            "доступ в личный кабинет hasPart настройка двухфакторной аутентификации"
        ],
        "chunk_id": "8"
    },
    {
        "label": "Обмен информацией, документами и распоряжениями",
        "abbreviation": "",
        "type": "Process",
        "hasStatement": [
            "обмен информацией документами и расп hasResource личный кабинет",
            "обмен информацией документами и расп hasActor получатель",
            "обмен информацией документами и расп hasActor нко",
            "обмен информацией документами и расп hasResource переводы",
            "обмен информацией документами и расп hasResource акты",
            "обмен информацией документами и расп hasResource заявление на перечисление",
            "обмен информацией документами и расп hasResource заявление на перечисление по операции воз",
            "обмен информацией документами и расп hasResource распоряжения",
            "обмен информацией документами и расп relation регламент информационного обмена электро",
            "обмен информацией документами и расп hasActor стороны"
        ],
        "chunk_id": "8"
    },
    {
        "label": "Получатель",
        "abbreviation": "",
        "type": "Agent",
        "hasStatement": [
            "получатель isActorOf доступ в личный кабинет",
            "получатель isActorOf обмен информацией документами и расп"
        ],
        "chunk_id": "8"
    },
    {
        "label": "НКО",
        "abbreviation": "",
        "type": "Agent",
        "hasStatement": [
            "нко isActorOf обмен информацией документами и расп"
        ],
        "chunk_id": "8"
    },
    {
        "label": "Интернет-магазин",
        "abbreviation": "",
        "type": "Resource",
        "hasStatement": [],
        "chunk_id": "8"
    },
    {
        "label": "Переводы",
        "abbreviation": "",
        "type": "Resource",
        "hasStatement": [
            "переводы isResourceOf обмен информацией документами и расп"
        ],
        "chunk_id": "8"
    },
    {
        "label": "Акты",
        "abbreviation": "",
        "type": "Resource",
        "hasStatement": [
            "акты isResourceOf обмен информацией документами и расп"
        ],
        "chunk_id": "8"
    },
    {
        "label": "Заявление на перечисление",
        "abbreviation": "",
        "type": "Resource",
        "hasStatement": [
            "заявление на перечисление isResourceOf обмен информацией документами и расп"
        ],
        "chunk_id": "8"
    },
    {
        "label": "Заявление на перечисление по Операции возврата Перевода",
        "abbreviation": "",
        "type": "Resource",
        "hasStatement": [
            "заявление на перечисление по операции воз isResourceOf обмен информацией документами и расп"
        ],
        "chunk_id": "8"
    },
    {
        "label": "Распоряжения",
        "abbreviation": "",
        "type": "Resource",
        "hasStatement": [
            "распоряжения isResourceOf обмен информацией документами и расп"
        ],
        "chunk_id": "8"
    },
    {
        "label": "Договор",
        "abbreviation": "",
        "type": "Resource",
        "hasStatement": [
            "договор hasPart приложение №2 к договору"
        ],
        "chunk_id": "8"
    },
    {
        "label": "Настройка двухфакторной аутентификации",
        "abbreviation": "",
        "type": "Process",
        "hasStatement": [
            "настройка двухфакторной аутентификации isPartOf доступ в личный кабинет"
        ],
        "chunk_id": "8"
    },
    {
        "label": "Регламент информационного обмена электронными документами",
        "abbreviation": "",
        "type": "Resource",
        "hasStatement": [
            "регламент информационного обмена электро relation обмен информацией документами и расп",
            "регламент информационного обмена электро isPartOf приложение №2 к договору",
            "регламент информационного обмена электро relation стороны",
            "регламент информационного обмена электро relation стороны"
        ],
        "chunk_id": "8"
    },
    {
        "label": "Приложение №2 к Договору",
        "abbreviation": "",
        "type": "Resource",
        "hasStatement": [
            "приложение №2 к договору hasPart регламент информационного обмена электро",
            "приложение №2 к договору isPartOf договор"
        ],
        "chunk_id": "8"
    },
    {
        "label": "Стороны",
        "abbreviation": "",
        "type": "Agent",
        "hasStatement": [
            "стороны relation регламент информационного обмена электро",
            "стороны isActorOf обмен информацией документами и расп",
            "стороны relation регламент информационного обмена электро"
        ],
        "chunk_id": "8"
    }
]