[
    {
        "label": "Запрещенные услуги",
        "abbreviation": "",
        "type": "Resource",
        "hasStatement": [
            "запрещенные услуги relation получатель",
            "запрещенные услуги hasResponsible получатель"
        ],
        "chunk_id": "4"
    },
    {
        "label": "Получатель",
        "abbreviation": "",
        "type": "Agent",
        "hasStatement": [
            "получатель relation запрещенные услуги",
            "получатель isResponsibleFor запрещенные услуги"
        ],
        "chunk_id": "4"
    },
    {
        "label": "НКО",
        "abbreviation": "",
        "type": "Agent",
        "hasStatement": [
            "nko isActorOf порядок взаимодействия сторон"
        ],
        "chunk_id": "4"
    },
    {
        "label": "Порядок взаимодействия Сторон",
        "abbreviation": "",
        "type": "Process",
        "hasStatement": [
            "порядок взаимодействия сторон hasActor nko",
            "порядок взаимодействия сторон isPartOf приложение 4 к договору"
        ],
        "chunk_id": "4"
    },
    {
        "label": "Приложение №4 к Договору",
        "abbreviation": "",
        "type": "Resource",
        "hasStatement": [
            "приложение 4 к договору hasPart порядок взаимодействия сторон"
        ],
        "chunk_id": "4"
    },
    {
        "label": "Плательщик",
        "abbreviation": "",
        "type": "Agent",
        "hasStatement": [],
        "chunk_id": "4"
    }
]