[
    {
        "label": "ПА",
        "abbreviation": "",
        "type": "Agent",
        "hasStatement": [
            "па isResponsibleFor прием электронных средств плат"
        ],
        "chunk_id": "48"
    },
    {
        "label": "Прием электронных средств платежа",
        "abbreviation": "",
        "type": "Process",
        "hasStatement": [
            "прием электронных средств плат hasResponsible па"
        ],
        "chunk_id": "48"
    },
    {
        "label": "Участие в переводе денежных средств",
        "abbreviation": "",
        "type": "Process",
        "hasStatement": [],
        "chunk_id": "48"
    },
    {
        "label": "Прекращение договорных отношений",
        "abbreviation": "",
        "type": "Event",
        "hasStatement": [
            "прекращение договорных отношен Initiates расторжение договора с получате"
        ],
        "chunk_id": "48"
    },
    {
        "label": "Расторжение договора с Получателем",
        "abbreviation": "",
        "type": "Process",
        "hasStatement": [
            "расторжение договора с получате hasPart направление уведомления",
            "расторжение договора с получате relation получатель"
        ],
        "chunk_id": "48"
    },
    {
        "label": "Направление уведомления",
        "abbreviation": "",
        "type": "Process",
        "hasStatement": [
            "направление уведомления isPartOf расторжение договора с получате",
            "направление уведомления isResourceOf личный кабинет"
        ],
        "chunk_id": "48"
    },
    {
        "label": "Получатель",
        "abbreviation": "",
        "type": "Agent",
        "hasStatement": [
            "получатель relation расторжение договора с получате"
        ],
        "chunk_id": "48"
    },
    {
        "label": "Личный кабинет",
        "abbreviation": "",
        "type": "Resource",
        "hasStatement": [
            "личный кабинет hasResource направление уведомления"
        ],
        "chunk_id": "48"
    },
    {
        "label": "Адрес электронной почты",
        "abbreviation": "",
        "type": "Resource",
        "hasStatement": [
            "адрес электронной почты isPartOf заявление"
        ],
        "chunk_id": "48"
    },
    {
        "label": "Заявление",
        "abbreviation": "",
        "type": "Resource",
        "hasStatement": [
            "заявление hasPart адрес электронной почты"
        ],
        "chunk_id": "48"
    },
    {
        "label": "Отказ в подключении Интернет-магазина",
        "abbreviation": "",
        "type": "Process",
        "hasStatement": [],
        "chunk_id": "48"
    },
    {
        "label": "Прекращение приема Переводов",
        "abbreviation": "",
        "type": "Process",
        "hasStatement": [
            "прекращение приема переводов relation интернет-магазин"
        ],
        "chunk_id": "48"
    },
    {
        "label": "Интернет-магазин",
        "abbreviation": "",
        "type": "Resource",
        "hasStatement": [
            "интернет-магазин relation прекращение приема переводов",
            "интернет-магазин hasResource внесение изменений в контент интер",
            "интернет-магазин relation бесплатный хостинг"
        ],
        "chunk_id": "48"
    },
    {
        "label": "Внесение изменений в контент Интернет-магазина",
        "abbreviation": "",
        "type": "Process",
        "hasStatement": [
            "внесение изменений в контент интер isResourceOf интернет-магазин",
            "внесение изменений в контент интер isActorOf третье лицо"
        ],
        "chunk_id": "48"
    },
    {
        "label": "Третье лицо",
        "abbreviation": "",
        "type": "Agent",
        "hasStatement": [
            "третье лицо hasActor внесение изменений в контент интер"
        ],
        "chunk_id": "48"
    },
    {
        "label": "Наличие возможности внесения изменений",
        "abbreviation": "",
        "type": "Event",
        "hasStatement": [
            "наличие возможности внесения изм Initiates отказ в подключении интернет-ма"
        ],
        "chunk_id": "48"
    },
    {
        "label": "Бесплатный хостинг",
        "abbreviation": "",
        "type": "Resource",
        "hasStatement": [
            "бесплатный хостинг relation интернет-магазин"
        ],
        "chunk_id": "48"
    },
    {
        "label": "Информационные материалы",
        "abbreviation": "",
        "type": "Resource",
        "hasStatement": [],
        "chunk_id": "48"
    },
    {
        "label": "Подключение Интернет-магазина",
        "abbreviation": "",
        "type": "Process",
        "hasStatement": [],
        "chunk_id": "48"
    }
]