[
    {
        "label": "Интернет-ресурс Получателя",
        "abbreviation": "",
        "type": "Resource",
        "hasStatement": [],
        "chunk_id": "119"
    },
    {
        "label": "Контактный адрес электронной почты",
        "abbreviation": "",
        "type": "Resource",
        "hasStatement": [],
        "chunk_id": "119"
    },
    {
        "label": "Электронный адрес Получателя для входа в личный кабинет",
        "abbreviation": "",
        "type": "Resource",
        "hasStatement": [],
        "chunk_id": "119"
    },
    {
        "label": "Информационно-технологическое взаимодействие",
        "abbreviation": "",
        "type": "Process",
        "hasStatement": [
            "информационно-технологическое взаимод hasActor торговая площадка",
            "информационно-технологическое взаимод hasActor нко",
            "информационно-технологическое взаимод hasPart прием эсп",
            "информационно-технологическое взаимод hasPart участие в переводе денежных средс"
        ],
        "chunk_id": "119"
    },
    {
        "label": "Торговая площадка",
        "abbreviation": "",
        "type": "Agent",
        "hasStatement": [
            "торговая площадка isActorOf информационно-технологическое взаимод"
        ],
        "chunk_id": "119"
    },
    {
        "label": "НКО",
        "abbreviation": "",
        "type": "Agent",
        "hasStatement": [
            "нко isActorOf информационно-технологическое взаимод"
        ],
        "chunk_id": "119"
    },
    {
        "label": "прием ЭСП",
        "abbreviation": "",
        "type": "Process",
        "hasStatement": [
            "прием эсп isPartOf информационно-технологическое взаимод"
        ],
        "chunk_id": "119"
    },
    {
        "label": "участие в переводе денежных средств",
        "abbreviation": "",
        "type": "Process",
        "hasStatement": [
            "участие в переводе денежных средс isPartOf информационно-технологическое взаимод"
        ],
        "chunk_id": "119"
    },
    {
        "label": "регистрация в системе монета",
        "abbreviation": "",
        "type": "Unknown",
        "hasStatement": [],
        "chunk_id": "119"
    },
    {
        "label": "ру",
        "abbreviation": "",
        "type": "Process",
        "hasStatement": [],
        "chunk_id": "119"
    },
    {
        "label": "РУ\"@ru",
        "abbreviation": "",
        "type": "Unknown",
        "hasStatement": [],
        "chunk_id": "119"
    }
]