[
    {
        "label": "прекращение исполнения обязательств",
        "abbreviation": "",
        "type": "Process",
        "hasStatement": [],
        "chunk_id": "50"
    },
    {
        "label": "расторжение договора",
        "abbreviation": "",
        "type": "Process",
        "hasStatement": [
            "расторжение договора hasResource договор"
        ],
        "chunk_id": "50"
    },
    {
        "label": "договор",
        "abbreviation": "",
        "type": "Resource",
        "hasStatement": [
            "договор isResourceOf расторжение договора"
        ],
        "chunk_id": "50"
    },
    {
        "label": "получатель",
        "abbreviation": "",
        "type": "Agent",
        "hasStatement": [
            "получатель isActorOf уведомление получателя",
            "получатель relation информация"
        ],
        "chunk_id": "50"
    },
    {
        "label": "уведомление получателя",
        "abbreviation": "",
        "type": "Process",
        "hasStatement": [
            "уведомление получателя hasActor получатель"
        ],
        "chunk_id": "50"
    },
    {
        "label": "НКО",
        "abbreviation": "",
        "type": "Agent",
        "hasStatement": [
            "нко relation получение информации нко от банка",
            "нко relation получение информации нко от банка"
        ],
        "chunk_id": "50"
    },
    {
        "label": "получение информации НКО от Банка России",
        "abbreviation": "",
        "type": "Event",
        "hasStatement": [
            "получение информации нко от банка relation нко",
            "получение информации нко от банка relation банк россии",
            "получение информации нко от банка Initiates прекращение исполнения обязательств",
            "получение информации нко от банка Initiates расторжение договора",
            "получение информации нко от банка relation информация",
            "получение информации нко от банка relation нко",
            "получение информации нко от банка relation банк россии"
        ],
        "chunk_id": "50"
    },
    {
        "label": "Банк России",
        "abbreviation": "",
        "type": "Agent",
        "hasStatement": [
            "банк россии relation получение информации нко от банка",
            "банк россии relation получение информации нко от банка"
        ],
        "chunk_id": "50"
    },
    {
        "label": "информация",
        "abbreviation": "",
        "type": "Resource",
        "hasStatement": [
            "информация isPartOf база данных",
            "информация relation получатель",
            "информация relation получение информации нко от банка"
        ],
        "chunk_id": "50"
    },
    {
        "label": "база данных",
        "abbreviation": "",
        "type": "Resource",
        "hasStatement": [
            "база данных hasPart информация"
        ],
        "chunk_id": "50"
    }
]