[
    {
        "label": "Получатель",
        "abbreviation": "",
        "type": "Agent",
        "hasStatement": [
            "получатель Initiates дополнительное подключение интернет-магази",
            "получатель Initiates направление обращения получателя о допол",
            "получатель Initiates изменение установленного тарифа",
            "получатель isActorOf дополнительное подключение интернет-магази",
            "получатель isActorOf направление обращения получателя о допол",
            "получатель isActorOf изменение установленного тарифа"
        ],
        "chunk_id": "59"
    },
    {
        "label": "дополнительное подключение интернет-магази",
        "abbreviation": "",
        "type": "Process",
        "hasStatement": [
            "дополнительное подключение интернет-магази hasActor получатель",
            "дополнительное подключение интернет-магази hasActor нко",
            "дополнительное подключение интернет-магази hasResponsible нко",
            "дополнительное подключение интернет-магази hasPart направление обращения получателя о допол",
            "дополнительное подключение интернет-магази hasResource договор",
            "дополнительное подключение интернет-магази hasResource обращение",
            "дополнительное подключение интернет-магази hasResource адрес электронной почты получателя"
        ],
        "chunk_id": "59"
    },
    {
        "label": "направление обращения получателя о допол",
        "abbreviation": "",
        "type": "Process",
        "hasStatement": [
            "направление обращения получателя о допол hasActor получатель",
            "направление обращения получателя о допол hasActor торговая площадка",
            "направление обращения получателя о допол hasResponsible торговая площадка",
            "направление обращения получателя о допол isPartOf дополнительное подключение интернет-магази",
            "направление обращения получателя о допол hasResource договор",
            "направление обращения получателя о допол hasResource обращение",
            "направление обращения получателя о допол hasResource электронная почта"
        ],
        "chunk_id": "59"
    },
    {
        "label": "изменение установленного тарифа",
        "abbreviation": "",
        "type": "Process",
        "hasStatement": [
            "изменение установленного тарифа hasActor получатель",
            "изменение установленного тарифа hasActor нко",
            "изменение установленного тарифа hasResponsible нко",
            "изменение установленного тарифа hasResource договор",
            "изменение установленного тарифа hasResource тариф"
        ],
        "chunk_id": "59"
    },
    {
        "label": "НКО",
        "abbreviation": "",
        "type": "Agent",
        "hasStatement": [
            "нко isActorOf дополнительное подключение интернет-магази",
            "нко isActorOf изменение установленного тарифа",
            "нко isResponsibleFor дополнительное подключение интернет-магази",
            "нко isResponsibleFor изменение установленного тарифа"
        ],
        "chunk_id": "59"
    },
    {
        "label": "Торговая площадка",
        "abbreviation": "",
        "type": "Agent",
        "hasStatement": [
            "торговая площадка isActorOf направление обращения получателя о допол",
            "торговая площадка isResponsibleFor направление обращения получателя о допол"
        ],
        "chunk_id": "59"
    },
    {
        "label": "Договор",
        "abbreviation": "",
        "type": "Resource",
        "hasStatement": [
            "договор isResourceOf дополнительное подключение интернет-магази",
            "договор isResourceOf направление обращения получателя о допол",
            "договор isResourceOf изменение установленного тарифа"
        ],
        "chunk_id": "59"
    },
    {
        "label": "обращение",
        "abbreviation": "",
        "type": "Resource",
        "hasStatement": [
            "обращение isResourceOf дополнительное подключение интернет-магази",
            "обращение isResourceOf направление обращения получателя о допол"
        ],
        "chunk_id": "59"
    },
    {
        "label": "электронная почта",
        "abbreviation": "",
        "type": "Resource",
        "hasStatement": [
            "электронная почта isResourceOf направление обращения получателя о допол"
        ],
        "chunk_id": "59"
    },
    {
        "label": "Личный кабинет",
        "abbreviation": "",
        "type": "Resource",
        "hasStatement": [],
        "chunk_id": "59"
    },
    {
        "label": "адрес электронной почты получателя",
        "abbreviation": "",
        "type": "Resource",
        "hasStatement": [
            "адрес электронной почты получателя isResourceOf дополнительное подключение интернет-магази"
        ],
        "chunk_id": "59"
    },
    {
        "label": "Тариф",
        "abbreviation": "",
        "type": "Resource",
        "hasStatement": [
            "тариф isResourceOf изменение установленного тарифа"
        ],
        "chunk_id": "59"
    }
]