[
    {
        "label": "возмещения денежных средств",
        "abbreviation": "",
        "type": "Resource",
        "hasStatement": [
            "возмещения денежных средств hasResponsible получатель"
        ],
        "chunk_id": "43"
    },
    {
        "label": "Недействительный перевод",
        "abbreviation": "",
        "type": "Process",
        "hasStatement": [
            "недействительный перевод hasResult получение претензии"
        ],
        "chunk_id": "43"
    },
    {
        "label": "получение претензии",
        "abbreviation": "",
        "type": "Event",
        "hasStatement": [
            "получение претензии isResultOf недействительный перевод"
        ],
        "chunk_id": "43"
    },
    {
        "label": "претензия",
        "abbreviation": "",
        "type": "Resource",
        "hasStatement": [
            "претензия isResourceOf рассмотрение претензий третьих лиц"
        ],
        "chunk_id": "43"
    },
    {
        "label": "рассмотрение претензий третьих лиц",
        "abbreviation": "",
        "type": "Process",
        "hasStatement": [
            "рассмотрение претензий третьих лиц hasResource претензия",
            "рассмотрение претензий третьих лиц hasResource расходы нко"
        ],
        "chunk_id": "43"
    },
    {
        "label": "расходы НКО",
        "abbreviation": "",
        "type": "Resource",
        "hasStatement": [
            "расходы нко isResourceOf рассмотрение претензий третьих лиц",
            "расходы нко hasResponsible нко"
        ],
        "chunk_id": "43"
    },
    {
        "label": "третьи лица",
        "abbreviation": "",
        "type": "Agent",
        "hasStatement": [],
        "chunk_id": "43"
    },
    {
        "label": "НКО",
        "abbreviation": "",
        "type": "Agent",
        "hasStatement": [
            "нко isResponsibleFor расходы нко"
        ],
        "chunk_id": "43"
    },
    {
        "label": "Получатель",
        "abbreviation": "",
        "type": "Agent",
        "hasStatement": [
            "получатель isResponsibleFor возмещения денежных средств"
        ],
        "chunk_id": "43"
    }
]