[
    {
        "label": "Информационный обмен",
        "abbreviation": "",
        "type": "Process",
        "hasStatement": [],
        "chunk_id": "17"
    },
    {
        "label": "информационно-технологическое взаимодействие",
        "abbreviation": "",
        "type": "Process",
        "hasStatement": [
            "информационно технологическое взаимод isPartOf информационный обмен"
        ],
        "chunk_id": "17"
    },
    {
        "label": "информационный обмен",
        "abbreviation": "",
        "type": "Unknown",
        "hasStatement": [
            "информационный обмен hasPart информационно технологическое взаимод",
            "информационный обмен relation приостановление информационного обм"
        ],
        "chunk_id": "17"
    },
    {
        "label": "Регламент",
        "abbreviation": "",
        "type": "Resource",
        "hasStatement": [],
        "chunk_id": "17"
    },
    {
        "label": "договор о переводах без открытия с",
        "abbreviation": "",
        "type": "Resource",
        "hasStatement": [],
        "chunk_id": "17"
    },
    {
        "label": "РУ\"@ru",
        "abbreviation": "",
        "type": "Unknown",
        "hasStatement": [],
        "chunk_id": "17"
    },
    {
        "label": "Аутентификационные данные",
        "abbreviation": "",
        "type": "Resource",
        "hasStatement": [
            "аутентификационные данные relation окончание срока действия аутентифик",
            "аутентификационные данные relation компрометация аутентификационных данн"
        ],
        "chunk_id": "17"
    },
    {
        "label": "заявление",
        "abbreviation": "",
        "type": "Resource",
        "hasStatement": [
            "заявление relation получение заявления"
        ],
        "chunk_id": "17"
    },
    {
        "label": "Заявление Получателя",
        "abbreviation": "",
        "type": "Resource",
        "hasStatement": [],
        "chunk_id": "17"
    },
    {
        "label": "Отдел информационной безопасности НКО",
        "abbreviation": "",
        "type": "Agent",
        "hasStatement": [
            "отдел информационной безопасности нко relation подозрение отдела информационной безопас"
        ],
        "chunk_id": "17"
    },
    {
        "label": "Получатель",
        "abbreviation": "",
        "type": "Agent",
        "hasStatement": [
            "получатель relation подозрение отдела информационной безопас"
        ],
        "chunk_id": "17"
    },
    {
        "label": "Плательщик",
        "abbreviation": "",
        "type": "Agent",
        "hasStatement": [
            "плательщик relation подозрение отдела информационной безопас"
        ],
        "chunk_id": "17"
    },
    {
        "label": "НКО",
        "abbreviation": "",
        "type": "Agent",
        "hasStatement": [
            "нко relation подозрение нко",
            "нко relation подозрение отдела информационной безопас"
        ],
        "chunk_id": "17"
    },
    {
        "label": "Стороны",
        "abbreviation": "",
        "type": "Agent",
        "hasStatement": [
            "сторона relation получение заявления"
        ],
        "chunk_id": "17"
    },
    {
        "label": "Окончание срока действия Аутентификационных данных",
        "abbreviation": "",
        "type": "Event",
        "hasStatement": [
            "окончание срока действия аутентифик relation аутентификационные данные"
        ],
        "chunk_id": "17"
    },
    {
        "label": "Получение заявления",
        "abbreviation": "",
        "type": "Event",
        "hasStatement": [
            "получение заявления relation заявление",
            "получение заявления relation сторона"
        ],
        "chunk_id": "17"
    },
    {
        "label": "Компрометация Аутентификационных данных",
        "abbreviation": "",
        "type": "Event",
        "hasStatement": [
            "компрометация аутентификационных данн relation аутентификационные данные"
        ],
        "chunk_id": "17"
    },
    {
        "label": "подозрение НКО",
        "abbreviation": "",
        "type": "Event",
        "hasStatement": [
            "подозрение нко relation нко"
        ],
        "chunk_id": "17"
    },
    {
        "label": "Подозрения Отдела информационной безопасности НКО о том, что Получатель ведет противоправную деятельность, либо деятельность, влекущую за собой финансовые, правовые, репутационные или иные риски для НКО или Плательщика",
        "abbreviation": "",
        "type": "Event",
        "hasStatement": [
            "подозрение отдела информационной безопас relation отдел информационной безопасности нко",
            "подозрение отдела информационной безопас relation получатель",
            "подозрение отдела информационной безопас relation нко",
            "подозрение отдела информационной безопас relation плательщик"
        ],
        "chunk_id": "17"
    },
    {
        "label": "Приостановление Информационного обмена",
        "abbreviation": "",
        "type": "Event",
        "hasStatement": [
            "приостановление информационного обм relation информационный обмен"
        ],
        "chunk_id": "17"
    },
    {
        "label": "```",
        "abbreviation": "",
        "type": "Unknown",
        "hasStatement": [],
        "chunk_id": "17"
    }
]