[
    {
        "label": "Операция возврата Перевода",
        "abbreviation": "",
        "type": "Process",
        "hasStatement": [
            "операция возврата перевода hasActor получатель",
            "операция возврата перевода hasResource сумма перевода",
            "операция возврата перевода hasResource часть суммы перевода",
            "операция возврата перевода hasResource договор",
            "операция возврата перевода hasResource приложение №3 к договору"
        ],
        "chunk_id": "21"
    },
    {
        "label": "Получатель",
        "abbreviation": "",
        "type": "Agent",
        "hasStatement": [
            "получатель isActorOf операция возврата перевода"
        ],
        "chunk_id": "21"
    },
    {
        "label": "Плательщик",
        "abbreviation": "",
        "type": "Agent",
        "hasStatement": [],
        "chunk_id": "21"
    },
    {
        "label": "сумма Перевода",
        "abbreviation": "",
        "type": "Resource",
        "hasStatement": [
            "сумма перевода isResourceOf операция возврата перевода"
        ],
        "chunk_id": "21"
    },
    {
        "label": "часть суммы Перевода",
        "abbreviation": "",
        "type": "Resource",
        "hasStatement": [
            "часть суммы перевода isResourceOf операция возврата перевода"
        ],
        "chunk_id": "21"
    },
    {
        "label": "Договор",
        "abbreviation": "",
        "type": "Resource",
        "hasStatement": [
            "договор isResourceOf операция возврата перевода"
        ],
        "chunk_id": "21"
    },
    {
        "label": "Приложение №3 к Договору",
        "abbreviation": "",
        "type": "Resource",
        "hasStatement": [
            "приложение №3 к договору isResourceOf операция возврата перевода"
        ],
        "chunk_id": "21"
    },
    {
        "label": "Отмена Плательщиком Услуги",
        "abbreviation": "",
        "type": "Event",
        "hasStatement": [
            "отмена услуги плательщиком Initiates операция возврата перевода"
        ],
        "chunk_id": "21"
    },
    {
        "label": "Непредоставление Услуги Получателем",
        "abbreviation": "",
        "type": "Event",
        "hasStatement": [
            "непредоставление услуг Initiates операция возврата перевода"
        ],
        "chunk_id": "21"
    }
]