[
    {
        "label": "Стороны",
        "abbreviation": "",
        "type": "Agent",
        "hasStatement": [
            "стороны isActorOf исполнение договора"
        ],
        "chunk_id": "85"
    },
    {
        "label": "Исполнение Договора",
        "abbreviation": "",
        "type": "Process",
        "hasStatement": [
            "исполнение договора hasActor стороны",
            "исполнение договора hasResult конфиденциальная информация"
        ],
        "chunk_id": "85"
    },
    {
        "label": "Ответственные лица Сторон",
        "abbreviation": "",
        "type": "Agent",
        "hasStatement": [
            "ответственные лица сторон isResponsibleFor конфиденциальная информация"
        ],
        "chunk_id": "85"
    },
    {
        "label": "Конфиденциальная информация",
        "abbreviation": "",
        "type": "Resource",
        "hasStatement": [
            "конфиденциальная информация hasResponsible ответственные лица сторон",
            "конфиденциальная информация isResultOf исполнение договора",
            "конфиденциальная информация hasPart информация о плательщиках и пе",
            "конфиденциальная информация hasPart информация о тарифной политике"
        ],
        "chunk_id": "85"
    },
    {
        "label": "Информация о Плательщиках и Переводах",
        "abbreviation": "",
        "type": "Resource",
        "hasStatement": [
            "информация о плательщиках и пе isPartOf конфиденциальная информация"
        ],
        "chunk_id": "85"
    },
    {
        "label": "Информация о тарифной политике Сторон",
        "abbreviation": "",
        "type": "Resource",
        "hasStatement": [
            "информация о тарифной политике isPartOf конфиденциальная информация"
        ],
        "chunk_id": "85"
    },
    {
        "label": "Разглашение сведений",
        "abbreviation": "",
        "type": "Process",
        "hasStatement": [
            "разглашение сведений hasResult возникновение убытков",
            "разглашение сведений hasResult влияние на деловую репутац"
        ],
        "chunk_id": "85"
    },
    {
        "label": "Возникновение убытков",
        "abbreviation": "",
        "type": "Event",
        "hasStatement": [
            "возникновение убытков isResultOf разглашение сведений"
        ],
        "chunk_id": "85"
    },
    {
        "label": "Влияние на деловую репутацию",
        "abbreviation": "",
        "type": "Event",
        "hasStatement": [
            "влияние на деловую репутац isResultOf разглашение сведений"
        ],
        "chunk_id": "85"
    }
]