[
    {
        "label": "Отказ в приеме Распоряжения",
        "abbreviation": "",
        "type": "Process",
        "hasStatement": [
            "отказ в приеме распоряжения hasResource отрицательный ответ на авторизацию",
            "отказ в приеме распоряжения hasResource положительное сообщение о приеме перевода"
        ],
        "chunk_id": "38"
    },
    {
        "label": "Отрицательный ответ на авторизацию",
        "abbreviation": "",
        "type": "Resource",
        "hasStatement": [
            "отрицательный ответ на авторизацию isResourceOf отказ в приеме распоряжения"
        ],
        "chunk_id": "38"
    },
    {
        "label": "Положительное сообщение о приеме Перевода",
        "abbreviation": "",
        "type": "Resource",
        "hasStatement": [
            "положительное сообщение о приеме перевода isResourceOf отказ в приеме распоряжения"
        ],
        "chunk_id": "38"
    },
    {
        "label": "Плательщик",
        "abbreviation": "",
        "type": "Agent",
        "hasStatement": [],
        "chunk_id": "38"
    },
    {
        "label": "Эмитент",
        "abbreviation": "",
        "type": "Agent",
        "hasStatement": [],
        "chunk_id": "38"
    },
    {
        "label": "получатель",
        "abbreviation": "",
        "type": "Unknown",
        "hasStatement": [
            "получатель isActorOf взаимодействие получателя и эмитента",
            "получатель isActorOf операция возврата перевода"
        ],
        "chunk_id": "38"
    },
    {
        "label": "Распоряжение",
        "abbreviation": "",
        "type": "Resource",
        "hasStatement": [],
        "chunk_id": "38"
    },
    {
        "label": "Перечисление Получателю",
        "abbreviation": "",
        "type": "Process",
        "hasStatement": [
            "перечисление получателю hasResource заявление на перечисление",
            "перечисление получателю hasResource договор"
        ],
        "chunk_id": "38"
    },
    {
        "label": "Заявление на перечисление",
        "abbreviation": "",
        "type": "Resource",
        "hasStatement": [
            "заявление на перечисление isResourceOf перечисление получателю"
        ],
        "chunk_id": "38"
    },
    {
        "label": "Договор",
        "abbreviation": "",
        "type": "Resource",
        "hasStatement": [
            "договор isResourceOf перечисление получателю"
        ],
        "chunk_id": "38"
    },
    {
        "label": "Перевод",
        "abbreviation": "",
        "type": "Resource",
        "hasStatement": [],
        "chunk_id": "38"
    },
    {
        "label": "Информационно-технологическое взаимодействие между Получателем и Эмитентом",
        "abbreviation": "",
        "type": "Process",
        "hasStatement": [
            "взаимодействие получателя и эмитента relation операция возврата перевода",
            "взаимодействие получателя и эмитента hasActor получатель"
        ],
        "chunk_id": "38"
    },
    {
        "label": "Операция возврата Перевода",
        "abbreviation": "",
        "type": "Process",
        "hasStatement": [
            "операция возврата перевода relation взаимодействие получателя и эмитента",
            "операция возврата перевода hasPart перечисление по операции возврата",
            "операция возврата перевода hasActor получатель"
        ],
        "chunk_id": "38"
    },
    {
        "label": "Перечисление денежных средств по Операции возврата Перевода",
        "abbreviation": "",
        "type": "Process",
        "hasStatement": [
            "перечисление по операции возврата isPartOf операция возврата перевода",
            "перечисление по операции возврата hasResource заявление на перечисление по возврату",
            "перечисление по операции возврата hasResource приложение №3 к договору"
        ],
        "chunk_id": "38"
    },
    {
        "label": "Заявление на перечисление по Операции возврата Перевода",
        "abbreviation": "",
        "type": "Resource",
        "hasStatement": [
            "заявление на перечисление по возврату isResourceOf перечисление по операции возврата"
        ],
        "chunk_id": "38"
    },
    {
        "label": "Приложение №3 к Договору",
        "abbreviation": "",
        "type": "Resource",
        "hasStatement": [
            "приложение №3 к договору isResourceOf перечисление по операции возврата"
        ],
        "chunk_id": "38"
    }
]