[
    {
        "label": "Получатель",
        "abbreviation": "",
        "type": "Agent",
        "hasStatement": [
            "получатель isActorOf подписание и направление акта"
        ],
        "chunk_id": "81"
    },
    {
        "label": "подписание и направление акта",
        "abbreviation": "",
        "type": "Process",
        "hasStatement": [
            "подписание и направление акта hasActor получатель",
            "подписание и направление акта hasResult акт подписанный получателем",
            "подписание и направление акта hasResult акт подписанный получателем"
        ],
        "chunk_id": "81"
    },
    {
        "label": "НКО",
        "abbreviation": "",
        "type": "Agent",
        "hasStatement": [
            "нко isActorOf подписание и отправка акта"
        ],
        "chunk_id": "81"
    },
    {
        "label": "подписание и отправка акта",
        "abbreviation": "",
        "type": "Process",
        "hasStatement": [
            "подписание и отправка акта hasActor нко",
            "подписание и отправка акта hasResource акт подписанный получателем",
            "подписание и отправка акта hasResult акт подписанный сторонами",
            "подписание и отправка акта hasResult акт подписанный сторонами"
        ],
        "chunk_id": "81"
    },
    {
        "label": "Акт подписанный Получателем",
        "abbreviation": "",
        "type": "Resource",
        "hasStatement": [
            "акт подписанный получателем isResultOf подписание и направление акта",
            "акт подписанный получателем isResourceOf подписание и отправка акта",
            "акт подписанный получателем isResultOf подписание и направление акта"
        ],
        "chunk_id": "81"
    },
    {
        "label": "Акт подписанный Сторонами",
        "abbreviation": "",
        "type": "Resource",
        "hasStatement": [
            "акт подписанный сторонами isResultOf подписание и отправка акта",
            "акт подписанный сторонами isResultOf подписание и отправка акта"
        ],
        "chunk_id": "81"
    },
    {
        "label": "получение от Получателя Акта",
        "abbreviation": "",
        "type": "Event",
        "hasStatement": [
            "получение от получателя акта Initiates подписание и отправка акта"
        ],
        "chunk_id": "81"
    }
]