[
    {
        "label": "Получатель",
        "abbreviation": "",
        "type": "Agent",
        "hasStatement": [
            "получатель isResponsibleFor информация",
            "получатель isResponsibleFor документы"
        ],
        "chunk_id": "112"
    },
    {
        "label": "информация",
        "abbreviation": "",
        "type": "Resource",
        "hasStatement": [
            "информация hasResponsible получатель",
            "информация relation запрещенные услуги"
        ],
        "chunk_id": "112"
    },
    {
        "label": "документы",
        "abbreviation": "",
        "type": "Resource",
        "hasStatement": [
            "документы hasResponsible получатель",
            "документы relation запрещенные услуги"
        ],
        "chunk_id": "112"
    },
    {
        "label": "Запрещенные услуги",
        "abbreviation": "",
        "type": "Resource",
        "hasStatement": [
            "запрещенные услуги relation информация",
            "запрещенные услуги relation документы",
            "запрещенные услуги relation услуги реализуемые получателем"
        ],
        "chunk_id": "112"
    },
    {
        "label": "Услуги, реализуемые Получателем",
        "abbreviation": "",
        "type": "Resource",
        "hasStatement": [
            "услуги реализуемые получателем relation запрещенные услуги"
        ],
        "chunk_id": "112"
    },
    {
        "label": "НКО",
        "abbreviation": "",
        "type": "Agent",
        "hasStatement": [],
        "chunk_id": "112"
    }
]