[
    {
        "label": "Операция возврата Перевода",
        "abbreviation": "",
        "type": "Process",
        "hasStatement": [
            "операция возврата перевода hasPart информационно-технологическое взаимодействие",
            "операция возврата перевода hasResource средство платежа",
            "операция возврата перевода hasActor нко",
            "операция возврата перевода hasActor получатель"
        ],
        "chunk_id": "18"
    },
    {
        "label": "информационно-технологическое взаимодействие",
        "abbreviation": "",
        "type": "Process",
        "hasStatement": [
            "информационно-технологическое взаимодействие isPartOf операция возврата перевода",
            "информационно-технологическое взаимодействие hasActor нко",
            "информационно-технологическое взаимодействие hasActor получатель",
            "информационно-технологическое взаимодействие hasActor эмитент"
        ],
        "chunk_id": "18"
    },
    {
        "label": "Перевод",
        "abbreviation": "",
        "type": "Resource",
        "hasStatement": [],
        "chunk_id": "18"
    },
    {
        "label": "Средство платежа",
        "abbreviation": "",
        "type": "Resource",
        "hasStatement": [
            "средство платежа isResourceOf операция возврата перевода"
        ],
        "chunk_id": "18"
    },
    {
        "label": "НКО",
        "abbreviation": "",
        "type": "Agent",
        "hasStatement": [
            "нко isActorOf операция возврата перевода",
            "нко isActorOf информационно-технологическое взаимодействие"
        ],
        "chunk_id": "18"
    },
    {
        "label": "Получатель",
        "abbreviation": "",
        "type": "Agent",
        "hasStatement": [
            "получатель isActorOf операция возврата перевода",
            "получатель isActorOf информационно-технологическое взаимодействие"
        ],
        "chunk_id": "18"
    },
    {
        "label": "Эмитент",
        "abbreviation": "",
        "type": "Agent",
        "hasStatement": [
            "эмитент isActorOf информационно-технологическое взаимодействие"
        ],
        "chunk_id": "18"
    }
]