[
    {
        "label": "интернет магазин",
        "abbreviation": "",
        "type": "Resource",
        "hasStatement": [
            "интернет магазин hasResponsible получатель",
            "интернет магазин hasResponsible торговая площадка"
        ],
        "chunk_id": "7"
    },
    {
        "label": "получатель",
        "abbreviation": "",
        "type": "Unknown",
        "hasStatement": [
            "получатель isResponsibleFor интернет магазин"
        ],
        "chunk_id": "7"
    },
    {
        "label": "торговая площадка",
        "abbreviation": "",
        "type": "Unknown",
        "hasStatement": [
            "торговая площадка isResponsibleFor интернет магазин"
        ],
        "chunk_id": "7"
    },
    {
        "label": "плательщик",
        "abbreviation": "",
        "type": "Agent",
        "hasStatement": [],
        "chunk_id": "7"
    },
    {
        "label": "услуга",
        "abbreviation": "",
        "type": "Resource",
        "hasStatement": [],
        "chunk_id": "7"
    },
    {
        "label": "заказ",
        "abbreviation": "",
        "type": "Resource",
        "hasStatement": [],
        "chunk_id": "7"
    },
    {
        "label": "способ оплаты",
        "abbreviation": "",
        "type": "Resource",
        "hasStatement": [],
        "chunk_id": "7"
    },
    {
        "label": "способ доставки",
        "abbreviation": "",
        "type": "Resource",
        "hasStatement": [],
        "chunk_id": "7"
    },
    {
        "label": "требования к интернет магазину",
        "abbreviation": "",
        "type": "Unknown",
        "hasStatement": [
            "требования к интернет магазину isPartOf приложение 6 к договору"
        ],
        "chunk_id": "7"
    },
    {
        "label": "приложение 6 к договору",
        "abbreviation": "",
        "type": "Resource",
        "hasStatement": [
            "приложение 6 к договору hasPart требования к интернет магазину"
        ],
        "chunk_id": "7"
    },
    {
        "label": "квалифицированная электронная подпись",
        "abbreviation": "",
        "type": "Unknown",
        "hasStatement": [
            "квалифицированная электронная подпись relation федеральное законодательство"
        ],
        "chunk_id": "7"
    },
    {
        "label": "ключ электронной подписи",
        "abbreviation": "",
        "type": "Unknown",
        "hasStatement": [
            "ключ электронной подписи relation квалифицированный сертификат ключа пр"
        ],
        "chunk_id": "7"
    },
    {
        "label": "квалифицированный сертификат ключа пр",
        "abbreviation": "",
        "type": "Resource",
        "hasStatement": [
            "квалифицированный сертификат ключа пр relation ключ электронной подписи",
            "квалифицированный сертификат ключа пр relation аккредитованный удостоверяющий це"
        ],
        "chunk_id": "7"
    },
    {
        "label": "аккредитованный удостоверяющий це",
        "abbreviation": "",
        "type": "Unknown",
        "hasStatement": [
            "аккредитованный удостоверяющий це relation квалифицированный сертификат ключа пр"
        ],
        "chunk_id": "7"
    },
    {
        "label": "федеральное законодательство",
        "abbreviation": "",
        "type": "Resource",
        "hasStatement": [
            "федеральное законодательство relation квалифицированная электронная подпись"
        ],
        "chunk_id": "7"
    }
]