[
    {
        "label": "НКО",
        "abbreviation": "",
        "type": "Agent",
        "hasStatement": [
            "нко isActorOf зачет"
        ],
        "chunk_id": "75"
    },
    {
        "label": "зачет",
        "abbreviation": "",
        "type": "Process",
        "hasStatement": [
            "зачет hasActor нко",
            "зачет hasResource первоначальное обязательство",
            "зачет hasResource встречное обязательство",
            "зачет hasResource вознаграждение нко",
            "зачет hasResource недействительный перевод",
            "зачет hasResource штраф",
            "зачет hasResource комиссия эмитента эквайрера",
            "зачет hasResource денежные средства",
            "зачет hasResource сумма операции возврата перевода"
        ],
        "chunk_id": "75"
    },
    {
        "label": "Получатель",
        "abbreviation": "",
        "type": "Agent",
        "hasStatement": [],
        "chunk_id": "75"
    },
    {
        "label": "Эмитент/Эквайрер",
        "abbreviation": "",
        "type": "Agent",
        "hasStatement": [],
        "chunk_id": "75"
    },
    {
        "label": "учет требований",
        "abbreviation": "",
        "type": "Process",
        "hasStatement": [
            "учет требований hasResource бизнес-счет"
        ],
        "chunk_id": "75"
    },
    {
        "label": "Операция возврата Перевода",
        "abbreviation": "",
        "type": "Process",
        "hasStatement": [
            "операция возврата перевода hasResult сумма операции возврата перевода"
        ],
        "chunk_id": "75"
    },
    {
        "label": "первоначальное обязательство",
        "abbreviation": "",
        "type": "Resource",
        "hasStatement": [
            "первоначальное обязательство isResourceOf зачет"
        ],
        "chunk_id": "75"
    },
    {
        "label": "встречное обязательство",
        "abbreviation": "",
        "type": "Resource",
        "hasStatement": [
            "встречное обязательство isResourceOf зачет"
        ],
        "chunk_id": "75"
    },
    {
        "label": "требование",
        "abbreviation": "",
        "type": "Resource",
        "hasStatement": [],
        "chunk_id": "75"
    },
    {
        "label": "Бизнес-счет",
        "abbreviation": "",
        "type": "Resource",
        "hasStatement": [
            "бизнес-счет isResourceOf учет требований"
        ],
        "chunk_id": "75"
    },
    {
        "label": "вознаграждение НКО",
        "abbreviation": "",
        "type": "Resource",
        "hasStatement": [
            "вознаграждение нко isResourceOf зачет"
        ],
        "chunk_id": "75"
    },
    {
        "label": "Недействительный перевод",
        "abbreviation": "",
        "type": "Resource",
        "hasStatement": [
            "недействительный перевод isResourceOf зачет"
        ],
        "chunk_id": "75"
    },
    {
        "label": "Штраф",
        "abbreviation": "",
        "type": "Resource",
        "hasStatement": [
            "штраф isResourceOf зачет"
        ],
        "chunk_id": "75"
    },
    {
        "label": "комиссия Эмитента/Эквайрера",
        "abbreviation": "",
        "type": "Resource",
        "hasStatement": [
            "комиссия эмитента эквайрера isResourceOf зачет"
        ],
        "chunk_id": "75"
    },
    {
        "label": "денежные средства",
        "abbreviation": "",
        "type": "Resource",
        "hasStatement": [
            "денежные средства isResourceOf зачет"
        ],
        "chunk_id": "75"
    },
    {
        "label": "сумма Операции возврата Перевода",
        "abbreviation": "",
        "type": "Resource",
        "hasStatement": [
            "сумма операции возврата перевода isResultOf операция возврата перевода",
            "сумма операции возврата перевода isResourceOf зачет"
        ],
        "chunk_id": "75"
    },
    {
        "label": "возникновение встречных обязательств",
        "abbreviation": "",
        "type": "Event",
        "hasStatement": [
            "возникновение встречных обязательств Initiates зачет"
        ],
        "chunk_id": "75"
    }
]