[
    {
        "label": "Окончательность перевода",
        "abbreviation": "",
        "type": "Event",
        "hasStatement": [
            "окончательность перевода isResultOf исполнение распоряжения"
        ],
        "chunk_id": "10"
    },
    {
        "label": "исполнение Распоряжения",
        "abbreviation": "",
        "type": "Process",
        "hasStatement": [
            "исполнение распоряжения hasResult окончательность перевода",
            "исполнение распоряжения hasResource денежные средства",
            "исполнение распоряжения hasResource электронные денежные средства",
            "исполнение распоряжения hasActor плательщик",
            "исполнение распоряжения hasActor получатель",
            "исполнение распоряжения hasActor РУ\"@ru"
        ],
        "chunk_id": "10"
    },
    {
        "label": "денежные средства",
        "abbreviation": "",
        "type": "Resource",
        "hasStatement": [
            "денежные средства isResourceOf исполнение распоряжения"
        ],
        "chunk_id": "10"
    },
    {
        "label": "электронные денежные средства",
        "abbreviation": "",
        "type": "Resource",
        "hasStatement": [
            "электронные денежные средства isResourceOf исполнение распоряжения"
        ],
        "chunk_id": "10"
    },
    {
        "label": "Плательщик",
        "abbreviation": "",
        "type": "Agent",
        "hasStatement": [
            "плательщик isActorOf исполнение распоряжения"
        ],
        "chunk_id": "10"
    },
    {
        "label": "Получатель",
        "abbreviation": "",
        "type": "Agent",
        "hasStatement": [
            "получатель isActorOf исполнение распоряжения",
            "получатель Initiates информационно технологическое взаимод"
        ],
        "chunk_id": "10"
    },
    {
        "label": "система монета ру",
        "abbreviation": "",
        "type": "Agent",
        "hasStatement": [],
        "chunk_id": "10"
    },
    {
        "label": "РУ\"@ru",
        "abbreviation": "",
        "type": "Unknown",
        "hasStatement": [
            "РУ\"@ru isActorOf исполнение распоряжения"
        ],
        "chunk_id": "10"
    },
    {
        "label": "информационно-технологическое взаимодействие",
        "abbreviation": "",
        "type": "Process",
        "hasStatement": [
            "информационно технологическое взаимод hasActor торговая площадка",
            "информационно технологическое взаимод hasResource система учета денежных средств пол"
        ],
        "chunk_id": "10"
    },
    {
        "label": "Торговая площадка",
        "abbreviation": "",
        "type": "Agent",
        "hasStatement": [
            "торговая площадка isActorOf информационно технологическое взаимод",
            "торговая площадка isResponsibleFor система учета денежных средств пол"
        ],
        "chunk_id": "10"
    },
    {
        "label": "система учета денежных средств Получателя",
        "abbreviation": "",
        "type": "Resource",
        "hasStatement": [
            "система учета денежных средств пол hasResponsible торговая площадка",
            "система учета денежных средств пол isResourceOf информационно технологическое взаимод"
        ],
        "chunk_id": "10"
    }
]