[
    {
        "label": "принятие решения об отказе от совершения операций",
        "abbreviation": "",
        "type": "Process",
        "hasStatement": [
            "принятие решения об отказе hasResource предположение о подпадении под fatca",
            "принятие решения об отказе hasActor нко",
            "принятие решения об отказе hasResponsible нко"
        ],
        "chunk_id": "42"
    },
    {
        "label": "расторжение договора в одностороннем порядке",
        "abbreviation": "",
        "type": "Process",
        "hasStatement": [
            "расторжение договора hasResource договор",
            "расторжение договора hasActor нко",
            "расторжение договора hasResponsible нко"
        ],
        "chunk_id": "42"
    },
    {
        "label": "предположение о подпадении под FATCA",
        "abbreviation": "",
        "type": "Resource",
        "hasStatement": [
            "предположение о подпадении под fatca isResourceOf принятие решения об отказе",
            "предположение о подпадении под fatca relation признаки выявления персон сша",
            "предположение о подпадении под fatca relation запрашиваемая информация",
            "предположение о подпадении под fatca hasResponsible нко"
        ],
        "chunk_id": "42"
    },
    {
        "label": "признаки выявления персон США",
        "abbreviation": "",
        "type": "Resource",
        "hasStatement": [
            "признаки выявления персон сша relation предположение о подпадении под fatca"
        ],
        "chunk_id": "42"
    },
    {
        "label": "запрашиваемая информация",
        "abbreviation": "",
        "type": "Resource",
        "hasStatement": [
            "запрашиваемая информация relation предположение о подпадении под fatca",
            "запрашиваемая информация hasResponsible получатель"
        ],
        "chunk_id": "42"
    },
    {
        "label": "согласие на передачу информации",
        "abbreviation": "",
        "type": "Resource",
        "hasStatement": [
            "согласие на передачу информации relation налоговый орган сша",
            "согласие на передачу информации hasResponsible получатель",
            "согласие на передачу информации relation налоговый орган сша"
        ],
        "chunk_id": "42"
    },
    {
        "label": "налоговый орган США",
        "abbreviation": "",
        "type": "Agent",
        "hasStatement": [
            "налоговый орган сша relation согласие на передачу информации",
            "налоговый орган сша relation согласие на передачу информации"
        ],
        "chunk_id": "42"
    },
    {
        "label": "Договор",
        "abbreviation": "",
        "type": "Resource",
        "hasStatement": [
            "договор isResourceOf расторжение договора"
        ],
        "chunk_id": "42"
    },
    {
        "label": "Получатель",
        "abbreviation": "",
        "type": "Agent",
        "hasStatement": [
            "получатель isResponsibleFor запрашиваемая информация",
            "получатель isResponsibleFor согласие на передачу информации"
        ],
        "chunk_id": "42"
    },
    {
        "label": "НКО",
        "abbreviation": "",
        "type": "Agent",
        "hasStatement": [
            "нко isActorOf принятие решения об отказе",
            "нко isActorOf расторжение договора",
            "нко isResponsibleFor принятие решения об отказе",
            "нко isResponsibleFor расторжение договора",
            "нко isResponsibleFor предположение о подпадении под fatca"
        ],
        "chunk_id": "42"
    }
]