[
    {
        "label": "Принятие переводов",
        "abbreviation": "",
        "type": "Unknown",
        "hasStatement": [
            "принятие переводов hasResult сумма переводов",
            "принятие переводов hasResult \"@ru"
        ],
        "chunk_id": "13"
    },
    {
        "label": "Перечисление Получателем",
        "abbreviation": "",
        "type": "Unknown",
        "hasStatement": [
            "перечисление получателем hasActor получатель",
            "перечисление получателем hasResult перечислено получателем"
        ],
        "chunk_id": "13"
    },
    {
        "label": "Удержание вознаграждения",
        "abbreviation": "",
        "type": "Unknown",
        "hasStatement": [
            "удержание вознаграждения hasResult сумма вознаграждения нко"
        ],
        "chunk_id": "13"
    },
    {
        "label": "Возвраты Переводов",
        "abbreviation": "",
        "type": "Unknown",
        "hasStatement": [
            "возвраты переводов hasResult сумма возвратов переводов",
            "возвраты переводов hasResult \"@ru"
        ],
        "chunk_id": "13"
    },
    {
        "label": "Перечисление НКО",
        "abbreviation": "",
        "type": "Unknown",
        "hasStatement": [
            "перечисление нко hasActor нко",
            "перечисление нко hasResult перечислено денежных средств нко"
        ],
        "chunk_id": "13"
    },
    {
        "label": "НКО",
        "abbreviation": "",
        "type": "Unknown",
        "hasStatement": [
            "нко isActorOf перечисление нко"
        ],
        "chunk_id": "13"
    },
    {
        "label": "Получатель",
        "abbreviation": "",
        "type": "Unknown",
        "hasStatement": [
            "получатель isActorOf перечисление получателем"
        ],
        "chunk_id": "13"
    },
    {
        "label": "Сумма задолженности НКО перед Получателем на начало отчетного периода по переводам, принятым в предыдущих отчетных периодах",
        "abbreviation": "",
        "type": "Unknown",
        "hasStatement": [],
        "chunk_id": "13"
    },
    {
        "label": "Сумма Переводов, принятых в адрес Получателя за отчетный период",
        "abbreviation": "",
        "type": "Unknown",
        "hasStatement": [
            "сумма переводов isResultOf принятие переводов"
        ],
        "chunk_id": "13"
    },
    {
        "label": "количество принятых переводов",
        "abbreviation": "",
        "type": "Unknown",
        "hasStatement": [],
        "chunk_id": "13"
    },
    {
        "label": "\"@ru",
        "abbreviation": "",
        "type": "Unknown",
        "hasStatement": [
            "\"@ru isResultOf принятие переводов",
            "\"@ru isResultOf возвраты переводов"
        ],
        "chunk_id": "13"
    },
    {
        "label": "Перечислено Получателем в пользу НКО за отчетный период",
        "abbreviation": "",
        "type": "Unknown",
        "hasStatement": [
            "перечислено получателем isResultOf перечисление получателем"
        ],
        "chunk_id": "13"
    },
    {
        "label": "Сумма вознаграждения НКО за исполнение обязательств по Договору, удержанная за отчетный период (без НДС)",
        "abbreviation": "",
        "type": "Unknown",
        "hasStatement": [
            "сумма вознаграждения нко isResultOf удержание вознаграждения"
        ],
        "chunk_id": "13"
    },
    {
        "label": "Сумма возвратов Переводов",
        "abbreviation": "",
        "type": "Unknown",
        "hasStatement": [
            "сумма возвратов переводов isResultOf возвраты переводов"
        ],
        "chunk_id": "13"
    },
    {
        "label": "количество возвратов переводов",
        "abbreviation": "",
        "type": "Unknown",
        "hasStatement": [],
        "chunk_id": "13"
    },
    {
        "label": "Перечислено денежных средств НКО в пользу Получателя за отчетный период",
        "abbreviation": "",
        "type": "Unknown",
        "hasStatement": [
            "перечислено денежных средств нко isResultOf перечисление нко"
        ],
        "chunk_id": "13"
    },
    {
        "label": "Сумма задолженности НКО перед Получателем на конец отчетного периода, подлежащая перечислению в следующем отчетном периоде",
        "abbreviation": "",
        "type": "Unknown",
        "hasStatement": [],
        "chunk_id": "13"
    }
]