[
    {
        "label": "изменение вида деятельности/перечня Услуг",
        "abbreviation": "",
        "type": "Event",
        "hasStatement": [
            "изменение вида деятельности перечня ус Initiates уведомление нко"
        ],
        "chunk_id": "58"
    },
    {
        "label": "Получатель",
        "abbreviation": "",
        "type": "Agent",
        "hasStatement": [
            "получатель isActorOf уведомление нко"
        ],
        "chunk_id": "58"
    },
    {
        "label": "уведомить об этом НКО",
        "abbreviation": "",
        "type": "Process",
        "hasStatement": [
            "уведомление нко hasActor получатель"
        ],
        "chunk_id": "58"
    },
    {
        "label": "НКО",
        "abbreviation": "",
        "type": "Agent",
        "hasStatement": [],
        "chunk_id": "58"
    }
]