[
    {
        "label": "поступление в НКО информации",
        "abbreviation": "",
        "type": "Event",
        "hasStatement": [
            "поступление в нко информации Initiates направление запроса"
        ],
        "chunk_id": "22"
    },
    {
        "label": "направление запроса",
        "abbreviation": "",
        "type": "Process",
        "hasStatement": [
            "направление запроса hasResource запрос",
            "направление запроса hasActor нко"
        ],
        "chunk_id": "22"
    },
    {
        "label": "Запрос",
        "abbreviation": "",
        "type": "Resource",
        "hasStatement": [
            "запрос isResourceOf направление запроса"
        ],
        "chunk_id": "22"
    },
    {
        "label": "НКО",
        "abbreviation": "",
        "type": "Agent",
        "hasStatement": [
            "нко isActorOf направление запроса"
        ],
        "chunk_id": "22"
    }
]