[
    {
        "label": "документооборот в электронном виде",
        "abbreviation": "",
        "type": "Process",
        "hasStatement": [
            "документооборот в электронном виде hasResource телекоммуникационные каналы связи",
            "документооборот в электронном виде hasResource кэп",
            "документооборот в электронном виде hasResource договор"
        ],
        "chunk_id": "67"
    },
    {
        "label": "телекоммуникационные каналы связи",
        "abbreviation": "",
        "type": "Resource",
        "hasStatement": [
            "телекоммуникационные каналы связи isResourceOf документооборот в электронном виде"
        ],
        "chunk_id": "67"
    },
    {
        "label": "КЭП",
        "abbreviation": "",
        "type": "Resource",
        "hasStatement": [
            "кэп isResourceOf документооборот в электронном виде"
        ],
        "chunk_id": "67"
    },
    {
        "label": "Договор",
        "abbreviation": "",
        "type": "Resource",
        "hasStatement": [
            "договор isResourceOf документооборот в электронном виде"
        ],
        "chunk_id": "67"
    }
]