[
    {
        "label": "ошибочное Перечисление",
        "abbreviation": "",
        "type": "Event",
        "hasStatement": [
            "ошибочное перечисление Initiates уведомление",
            "ошибочное перечисление Initiates возврат"
        ],
        "chunk_id": "54"
    },
    {
        "label": "НКО",
        "abbreviation": "",
        "type": "Agent",
        "hasStatement": [],
        "chunk_id": "54"
    },
    {
        "label": "уведомление",
        "abbreviation": "",
        "type": "Process",
        "hasStatement": [
            "уведомление hasResult письменное уведомление"
        ],
        "chunk_id": "54"
    },
    {
        "label": "письменное уведомление",
        "abbreviation": "",
        "type": "Resource",
        "hasStatement": [
            "письменное уведомление isResultOf уведомление"
        ],
        "chunk_id": "54"
    },
    {
        "label": "возврат",
        "abbreviation": "",
        "type": "Process",
        "hasStatement": [],
        "chunk_id": "54"
    },
    {
        "label": "запрос",
        "abbreviation": "",
        "type": "Event",
        "hasStatement": [
            "запрос Initiates предоставление"
        ],
        "chunk_id": "54"
    },
    {
        "label": "предоставление",
        "abbreviation": "",
        "type": "Process",
        "hasStatement": [
            "предоставление hasResult документы"
        ],
        "chunk_id": "54"
    },
    {
        "label": "документы",
        "abbreviation": "",
        "type": "Resource",
        "hasStatement": [
            "документы isResultOf предоставление"
        ],
        "chunk_id": "54"
    }
]