[
    {
        "label": "получатель",
        "abbreviation": "",
        "type": "Unknown",
        "hasStatement": [
            "получатель isActorOf подтверждение получателем данных"
        ],
        "chunk_id": "80"
    },
    {
        "label": "нко",
        "abbreviation": "",
        "type": "Unknown",
        "hasStatement": [
            "нко isActorOf размещение нко акта в личном кабинете"
        ],
        "chunk_id": "80"
    },
    {
        "label": "Стороны",
        "abbreviation": "",
        "type": "Agent",
        "hasStatement": [],
        "chunk_id": "80"
    },
    {
        "label": "Акт",
        "abbreviation": "",
        "type": "Resource",
        "hasStatement": [
            "акт isResourceOf размещение нко акта в личном кабинете"
        ],
        "chunk_id": "80"
    },
    {
        "label": "размещение НКО Акта в Личном кабинете",
        "abbreviation": "",
        "type": "Process",
        "hasStatement": [
            "размещение нко акта в личном кабинете hasResource акт",
            "размещение нко акта в личном кабинете hasResource личный кабинет",
            "размещение нко акта в личном кабинете isPartOf подтверждение надлежащего исполнения о",
            "размещение нко акта в личном кабинете hasActor нко"
        ],
        "chunk_id": "80"
    },
    {
        "label": "Договор",
        "abbreviation": "",
        "type": "Resource",
        "hasStatement": [],
        "chunk_id": "80"
    },
    {
        "label": "Личный кабинет",
        "abbreviation": "",
        "type": "Resource",
        "hasStatement": [
            "личный кабинет isResourceOf размещение нко акта в личном кабинете"
        ],
        "chunk_id": "80"
    },
    {
        "label": "данные, указанные в Акте",
        "abbreviation": "",
        "type": "Resource",
        "hasStatement": [
            "данные указанные в акте isResourceOf подтверждение получателем данных"
        ],
        "chunk_id": "80"
    },
    {
        "label": "подтверждение Получателем данных",
        "abbreviation": "",
        "type": "Process",
        "hasStatement": [
            "подтверждение получателем данных hasResource данные указанные в акте",
            "подтверждение получателем данных isPartOf подтверждение надлежащего исполнения о",
            "подтверждение получателем данных hasActor получатель"
        ],
        "chunk_id": "80"
    },
    {
        "label": "бумажный носитель",
        "abbreviation": "",
        "type": "Resource",
        "hasStatement": [],
        "chunk_id": "80"
    },
    {
        "label": "обращение Получателя в НКО с мотивированным отказом от принятия Акта",
        "abbreviation": "",
        "type": "Process",
        "hasStatement": [],
        "chunk_id": "80"
    },
    {
        "label": "подтверждение надлежащего исполнения обязательств",
        "abbreviation": "",
        "type": "Process",
        "hasStatement": [
            "подтверждение надлежащего исполнения о hasPart размещение нко акта в личном кабинете",
            "подтверждение надлежащего исполнения о hasPart подтверждение получателем данных"
        ],
        "chunk_id": "80"
    },
    {
        "label": "подписание Акта на бумажном носителе",
        "abbreviation": "",
        "type": "Process",
        "hasStatement": [],
        "chunk_id": "80"
    },
    {
        "label": "отсутствие обращения",
        "abbreviation": "",
        "type": "Event",
        "hasStatement": [],
        "chunk_id": "80"
    },
    {
        "label": "согласие Получателя",
        "abbreviation": "",
        "type": "Event",
        "hasStatement": [],
        "chunk_id": "80"
    },
    {
        "label": "возникновение обязательств по подписанию",
        "abbreviation": "",
        "type": "Event",
        "hasStatement": [],
        "chunk_id": "80"
    }
]