[
    {
        "label": "Получатель",
        "abbreviation": "",
        "type": "Agent",
        "hasStatement": [
            "получатель isActorOf регистрация получателя",
            "получатель isActorOf регистрация получателя",
            "получатель isActorOf предоставление данных о получателе",
            "получатель isActorOf создание бизнес счета",
            "получатель isActorOf распоряжение денежными средствами"
        ],
        "chunk_id": "123"
    },
    {
        "label": "регистрация Получателя",
        "abbreviation": "",
        "type": "Process",
        "hasStatement": [
            "регистрация получателя hasActor получатель",
            "регистрация получателя hasResource РУ\"@ru",
            "регистрация получателя hasActor получатель",
            "регистрация получателя hasResource система монетару"
        ],
        "chunk_id": "123"
    },
    {
        "label": "НКО",
        "abbreviation": "",
        "type": "Agent",
        "hasStatement": [
            "нко isActorOf предоставление авторизационных данных и пл",
            "нко isActorOf предоставление авторизационных данных и пл"
        ],
        "chunk_id": "123"
    },
    {
        "label": "предоставление Авторизационных данных и Платежного пароля",
        "abbreviation": "",
        "type": "Process",
        "hasStatement": [
            "предоставление авторизационных данных и пл hasActor нко",
            "предоставление авторизационных данных и пл hasResource авторизационные данные",
            "предоставление авторизационных данных и пл hasResource платежный пароль",
            "предоставление авторизационных данных и пл hasActor нко",
            "предоставление авторизационных данных и пл hasResource авторизационные данные"
        ],
        "chunk_id": "123"
    },
    {
        "label": "система монетару",
        "abbreviation": "",
        "type": "Resource",
        "hasStatement": [
            "система монетару isResourceOf регистрация получателя",
            "система монетару isResourceOf создание бизнес счета"
        ],
        "chunk_id": "123"
    },
    {
        "label": "РУ\"@ru",
        "abbreviation": "",
        "type": "Unknown",
        "hasStatement": [
            "РУ\"@ru isResourceOf регистрация получателя"
        ],
        "chunk_id": "123"
    },
    {
        "label": "данные о Получателе",
        "abbreviation": "",
        "type": "Resource",
        "hasStatement": [
            "данные о получателе isResourceOf предоставление данных о получателе",
            "данные о получателе isResourceOf предоставление данных о получателе"
        ],
        "chunk_id": "123"
    },
    {
        "label": "предоставление данных о Получателе",
        "abbreviation": "",
        "type": "Process",
        "hasStatement": [
            "предоставление данных о получателе hasResource данные о получателе",
            "предоставление данных о получателе hasActor получатель",
            "предоставление данных о получателе hasResource данные о получателе"
        ],
        "chunk_id": "123"
    },
    {
        "label": "Бизнес-счет",
        "abbreviation": "",
        "type": "Resource",
        "hasStatement": [
            "бизнес счет isResultOf создание бизнес счета",
            "бизнес счет isResultOf создание бизнес счета"
        ],
        "chunk_id": "123"
    },
    {
        "label": "создание Бизнес-счета",
        "abbreviation": "",
        "type": "Process",
        "hasStatement": [
            "создание бизнес счета hasResult бизнес счет",
            "создание бизнес счета hasActor получатель",
            "создание бизнес счета hasResource система монетару",
            "создание бизнес счета hasResult бизнес счет"
        ],
        "chunk_id": "123"
    },
    {
        "label": "Авторизационные данные",
        "abbreviation": "",
        "type": "Resource",
        "hasStatement": [
            "авторизационные данные isResourceOf предоставление авторизационных данных и пл",
            "авторизационные данные isResourceOf предоставление авторизационных данных и пл"
        ],
        "chunk_id": "123"
    },
    {
        "label": "Платежный пароль",
        "abbreviation": "",
        "type": "Resource",
        "hasStatement": [
            "платежный пароль isResourceOf предоставление авторизационных данных и пл"
        ],
        "chunk_id": "123"
    },
    {
        "label": "денежные средства",
        "abbreviation": "",
        "type": "Resource",
        "hasStatement": [
            "денежные средства isResourceOf распоряжение денежными средствами",
            "денежные средства isResourceOf распоряжение денежными средствами"
        ],
        "chunk_id": "123"
    },
    {
        "label": "Распоряжение денежными средствами",
        "abbreviation": "",
        "type": "Process",
        "hasStatement": [
            "распоряжение денежными средствами hasResource денежные средства",
            "распоряжение денежными средствами hasActor получатель",
            "распоряжение денежными средствами hasResource денежные средства"
        ],
        "chunk_id": "123"
    }
]