[
    {
        "label": "Подключение",
        "abbreviation": "",
        "type": "Process",
        "hasStatement": [
            "подключение hasActor получатель",
            "подключение hasResource ру\"@ru"
        ],
        "chunk_id": "121"
    },
    {
        "label": "Получатель",
        "abbreviation": "",
        "type": "Agent",
        "hasStatement": [
            "получатель isActorOf подключение"
        ],
        "chunk_id": "121"
    },
    {
        "label": "система монетару",
        "abbreviation": "",
        "type": "Resource",
        "hasStatement": [],
        "chunk_id": "121"
    },
    {
        "label": "ру\"@ru",
        "abbreviation": "",
        "type": "Unknown",
        "hasStatement": [
            "ру\"@ru isResourceOf подключение"
        ],
        "chunk_id": "121"
    }
]