[
    {
        "label": "НКО",
        "abbreviation": "",
        "type": "Agent",
        "hasStatement": [
            "нко isActorOf предоставление возможности получ"
        ],
        "chunk_id": "56"
    },
    {
        "label": "предоставление возможности получения",
        "abbreviation": "",
        "type": "Process",
        "hasStatement": [
            "предоставление возможности получ hasActor нко",
            "предоставление возможности получ hasResource информация об объеме и видах ус",
            "предоставление возможности получ hasPart получение информации"
        ],
        "chunk_id": "56"
    },
    {
        "label": "информация об объеме и видах услуг",
        "abbreviation": "",
        "type": "Resource",
        "hasStatement": [
            "информация об объеме и видах ус isResourceOf предоставление возможности получ",
            "информация об объеме и видах ус relation перевод",
            "информация об объеме и видах ус isResultOf получение информации"
        ],
        "chunk_id": "56"
    },
    {
        "label": "Перевод",
        "abbreviation": "",
        "type": "Resource",
        "hasStatement": [
            "перевод relation информация об объеме и видах ус"
        ],
        "chunk_id": "56"
    },
    {
        "label": "получение информации",
        "abbreviation": "",
        "type": "Process",
        "hasStatement": [
            "получение информации hasResult информация об объеме и видах ус",
            "получение информации isPartOf предоставление возможности получ"
        ],
        "chunk_id": "56"
    },
    {
        "label": "Плательщик",
        "abbreviation": "",
        "type": "Agent",
        "hasStatement": [],
        "chunk_id": "56"
    },
    {
        "label": "Получатель",
        "abbreviation": "",
        "type": "Agent",
        "hasStatement": [],
        "chunk_id": "56"
    },
    {
        "label": "Договор",
        "abbreviation": "",
        "type": "Resource",
        "hasStatement": [
            "договор isResourceOf исполнение обязательств"
        ],
        "chunk_id": "56"
    },
    {
        "label": "исполнение обязательств",
        "abbreviation": "",
        "type": "Process",
        "hasStatement": [
            "исполнение обязательств hasResource договор"
        ],
        "chunk_id": "56"
    },
    {
        "label": "требования законодательства Российской Федерации",
        "abbreviation": "",
        "type": "Resource",
        "hasStatement": [
            "требования законодательства рф isResourceOf соблюдение требований"
        ],
        "chunk_id": "56"
    },
    {
        "label": "соблюдение требований",
        "abbreviation": "",
        "type": "Process",
        "hasStatement": [
            "соблюдение требований hasResource требования законодательства рф"
        ],
        "chunk_id": "56"
    },
    {
        "label": "запрос НКО",
        "abbreviation": "",
        "type": "Resource",
        "hasStatement": [
            "запрос нко isResultOf получение запроса",
            "запрос нко isResourceOf предоставление сведений и доку"
        ],
        "chunk_id": "56"
    },
    {
        "label": "получение запроса",
        "abbreviation": "",
        "type": "Process",
        "hasStatement": [
            "получение запроса hasResult запрос нко"
        ],
        "chunk_id": "56"
    },
    {
        "label": "предоставление сведений и документов",
        "abbreviation": "",
        "type": "Process",
        "hasStatement": [
            "предоставление сведений и доку hasResource запрос нко",
            "предоставление сведений и доку hasResult сведения и документы"
        ],
        "chunk_id": "56"
    },
    {
        "label": "сведения и документы",
        "abbreviation": "",
        "type": "Resource",
        "hasStatement": [
            "сведения и документы isResourceOf выполнение требований",
            "сведения и документы isResultOf предоставление сведений и доку"
        ],
        "chunk_id": "56"
    },
    {
        "label": "выполнение требований",
        "abbreviation": "",
        "type": "Process",
        "hasStatement": [
            "выполнение требований hasResource сведения и документы",
            "выполнение требований hasResource требования законодательства рф и",
            "выполнение требований hasResource федеральный закон 115-фз"
        ],
        "chunk_id": "56"
    },
    {
        "label": "требования законодательства Российской Федерации и Банка России",
        "abbreviation": "",
        "type": "Resource",
        "hasStatement": [
            "требования законодательства рф и isResourceOf выполнение требований"
        ],
        "chunk_id": "56"
    },
    {
        "label": "Федеральный закон №115-ФЗ",
        "abbreviation": "",
        "type": "Resource",
        "hasStatement": [
            "федеральный закон 115-фз isResourceOf выполнение требований"
        ],
        "chunk_id": "56"
    }
]