[
    {
        "label": "Переводы",
        "abbreviation": "",
        "type": "Resource",
        "hasStatement": [
            "переводы isResultOf осуществление переводов",
            "переводы isResourceOf расчеты по переводам",
            "переводы hasPart недействительные переводы"
        ],
        "chunk_id": "113"
    },
    {
        "label": "осуществление Переводов",
        "abbreviation": "",
        "type": "Process",
        "hasStatement": [
            "осуществление переводов hasResult переводы",
            "осуществление переводов hasActor нко"
        ],
        "chunk_id": "113"
    },
    {
        "label": "расчеты по Переводам",
        "abbreviation": "",
        "type": "Process",
        "hasStatement": [
            "расчеты по переводам hasResource переводы",
            "расчеты по переводам hasActor нко"
        ],
        "chunk_id": "113"
    },
    {
        "label": "Недействительные переводы",
        "abbreviation": "",
        "type": "Resource",
        "hasStatement": [
            "недействительные переводы isPartOf переводы"
        ],
        "chunk_id": "113"
    },
    {
        "label": "уведомление об отключении",
        "abbreviation": "",
        "type": "Resource",
        "hasStatement": [
            "уведомление об отключении relation отключение получателя интернет магазин"
        ],
        "chunk_id": "113"
    },
    {
        "label": "отключение Получателя/Интернет-магазина",
        "abbreviation": "",
        "type": "Process",
        "hasStatement": [
            "отключение получателя интернет магазин relation уведомление об отключении",
            "отключение получателя интернет магазин hasActor нко"
        ],
        "chunk_id": "113"
    },
    {
        "label": "адрес электронной почты",
        "abbreviation": "",
        "type": "Resource",
        "hasStatement": [
            "адрес электронной почты relation личный кабинет"
        ],
        "chunk_id": "113"
    },
    {
        "label": "Личный кабинет",
        "abbreviation": "",
        "type": "Resource",
        "hasStatement": [
            "личный кабинет relation адрес электронной почты"
        ],
        "chunk_id": "113"
    },
    {
        "label": "информационно-технологическое взаимодействие",
        "abbreviation": "",
        "type": "Process",
        "hasStatement": [
            "информационно технологическое взаимод hasActor получатель",
            "информационно технологическое взаимод hasActor интернет магазин",
            "информационно технологическое взаимод hasActor нко"
        ],
        "chunk_id": "113"
    },
    {
        "label": "Получатель",
        "abbreviation": "",
        "type": "Agent",
        "hasStatement": [
            "получатель isActorOf информационно технологическое взаимод"
        ],
        "chunk_id": "113"
    },
    {
        "label": "Интернет-магазин",
        "abbreviation": "",
        "type": "Agent",
        "hasStatement": [
            "интернет магазин isActorOf информационно технологическое взаимод"
        ],
        "chunk_id": "113"
    },
    {
        "label": "НКО",
        "abbreviation": "",
        "type": "Agent",
        "hasStatement": [
            "нко isActorOf информационно технологическое взаимод",
            "нко isActorOf расчеты по переводам",
            "нко isActorOf осуществление переводов",
            "нко isActorOf отключение получателя интернет магазин"
        ],
        "chunk_id": "113"
    }
]