[
    {
        "label": "Претензия",
        "abbreviation": "",
        "type": "Resource",
        "hasStatement": [
            "претензия relation адрес электронной почты",
            "претензия isResourceOf отправка претензии"
        ],
        "chunk_id": "89"
    },
    {
        "label": "Адрес электронной почты",
        "abbreviation": "",
        "type": "Resource",
        "hasStatement": [
            "адрес электронной почты relation претензия",
            "адрес электронной почты isResourceOf регистрация"
        ],
        "chunk_id": "89"
    },
    {
        "label": "Отправка претензии",
        "abbreviation": "",
        "type": "Process",
        "hasStatement": [
            "отправка претензии hasResource претензия",
            "отправка претензии hasActor стороны"
        ],
        "chunk_id": "89"
    },
    {
        "label": "Стороны",
        "abbreviation": "",
        "type": "Agent",
        "hasStatement": [
            "стороны isActorOf отправка претензии"
        ],
        "chunk_id": "89"
    },
    {
        "label": "Регистрация",
        "abbreviation": "",
        "type": "Process",
        "hasStatement": [
            "регистрация hasResource адрес электронной почты",
            "регистрация hasResource почтовый адрес",
            "регистрация hasResource РУ\"@ru"
        ],
        "chunk_id": "89"
    },
    {
        "label": "Договор",
        "abbreviation": "",
        "type": "Resource",
        "hasStatement": [
            "договор relation претензионный порядок"
        ],
        "chunk_id": "89"
    },
    {
        "label": "Претензионный порядок",
        "abbreviation": "",
        "type": "Process",
        "hasStatement": [
            "претензионный порядок relation договор"
        ],
        "chunk_id": "89"
    },
    {
        "label": "Переговоры",
        "abbreviation": "",
        "type": "Process",
        "hasStatement": [
            "переговоры relation споры и разногласия"
        ],
        "chunk_id": "89"
    },
    {
        "label": "Споры и разногласия",
        "abbreviation": "",
        "type": "Event",
        "hasStatement": [
            "споры и разногласия relation переговоры",
            "споры и разногласия relation арбитражный суд республики марий эл"
        ],
        "chunk_id": "89"
    },
    {
        "label": "Арбитражный суд Республики Марий Эл",
        "abbreviation": "",
        "type": "Agent",
        "hasStatement": [
            "арбитражный суд республики марий эл relation споры и разногласия"
        ],
        "chunk_id": "89"
    },
    {
        "label": "Почтовый адрес",
        "abbreviation": "",
        "type": "Resource",
        "hasStatement": [
            "почтовый адрес isResourceOf регистрация"
        ],
        "chunk_id": "89"
    },
    {
        "label": "система монета ру",
        "abbreviation": "",
        "type": "Resource",
        "hasStatement": [],
        "chunk_id": "89"
    },
    {
        "label": "РУ\"@ru",
        "abbreviation": "",
        "type": "Unknown",
        "hasStatement": [
            "РУ\"@ru isResourceOf регистрация"
        ],
        "chunk_id": "89"
    }
]