[
    {
        "label": "Получатель",
        "abbreviation": "",
        "type": "Agent",
        "hasStatement": [],
        "chunk_id": "76"
    },
    {
        "label": "зачет встречных требований",
        "abbreviation": "",
        "type": "Process",
        "hasStatement": [
            "зачет встречных требований hasActor нко",
            "зачет встречных требований hasResource встречные требования"
        ],
        "chunk_id": "76"
    },
    {
        "label": "НКО",
        "abbreviation": "",
        "type": "Agent",
        "hasStatement": [
            "нко isActorOf зачет встречных требований"
        ],
        "chunk_id": "76"
    },
    {
        "label": "встречные требования",
        "abbreviation": "",
        "type": "Resource",
        "hasStatement": [
            "встречные требования isResourceOf зачет встречных требований"
        ],
        "chunk_id": "76"
    }
]