[
    {
        "label": "установка ограничений и лимитов",
        "abbreviation": "",
        "type": "Process",
        "hasStatement": [
            "установка ограничений и лимитов hasResult ограничения и лимиты на осуществление"
        ],
        "chunk_id": "41"
    },
    {
        "label": "ограничения и лимиты на осуществление",
        "abbreviation": "",
        "type": "Unknown",
        "hasStatement": [
            "ограничения и лимиты на осуществление isResultOf установка ограничений и лимитов",
            "ограничения и лимиты на осуществление isResourceOf внесение изменений в ограничения",
            "ограничения и лимиты на осуществление relation переводы"
        ],
        "chunk_id": "41"
    },
    {
        "label": "внесение изменений в ограничения",
        "abbreviation": "",
        "type": "Process",
        "hasStatement": [
            "внесение изменений в ограничения hasResource ограничения и лимиты на осуществление"
        ],
        "chunk_id": "41"
    },
    {
        "label": "Переводы",
        "abbreviation": "",
        "type": "Process",
        "hasStatement": [
            "переводы relation отсутствие переводов",
            "переводы relation ограничения и лимиты на осуществление"
        ],
        "chunk_id": "41"
    },
    {
        "label": "формирование Акта",
        "abbreviation": "",
        "type": "Process",
        "hasStatement": [
            "формирование акта hasResult акт"
        ],
        "chunk_id": "41"
    },
    {
        "label": "предоставление Акта",
        "abbreviation": "",
        "type": "Process",
        "hasStatement": [
            "предоставление акта hasResource акт",
            "предоставление акта hasActor получатель"
        ],
        "chunk_id": "41"
    },
    {
        "label": "Акт",
        "abbreviation": "",
        "type": "Resource",
        "hasStatement": [
            "акт isResultOf формирование акта",
            "акт isResourceOf предоставление акта"
        ],
        "chunk_id": "41"
    },
    {
        "label": "Отчетный период",
        "abbreviation": "",
        "type": "Resource",
        "hasStatement": [
            "отчетный период relation отсутствие переводов"
        ],
        "chunk_id": "41"
    },
    {
        "label": "получатель",
        "abbreviation": "",
        "type": "Unknown",
        "hasStatement": [
            "получатель isActorOf предоставление акта",
            "получатель isActorOf выполнение обязательств по договору"
        ],
        "chunk_id": "41"
    },
    {
        "label": "отсутствие Переводов",
        "abbreviation": "",
        "type": "Event",
        "hasStatement": [
            "отсутствие переводов relation переводы",
            "отсутствие переводов relation отчетный период"
        ],
        "chunk_id": "41"
    },
    {
        "label": "третьи лица",
        "abbreviation": "",
        "type": "Unknown",
        "hasStatement": [
            "третьи лица relation действия третьих лиц",
            "третьи лица relation бездействия третьих лиц",
            "третьи лица isActorOf предоставление права",
            "третьи лица isActorOf исполнение обязательств"
        ],
        "chunk_id": "41"
    },
    {
        "label": "нко",
        "abbreviation": "",
        "type": "Unknown",
        "hasStatement": [
            "нко isActorOf предоставление права",
            "нко isResponsibleFor выполнение обязательств по договору"
        ],
        "chunk_id": "41"
    },
    {
        "label": "право исполнения обязательств",
        "abbreviation": "",
        "type": "Resource",
        "hasStatement": [
            "право исполнения обязательств isResultOf предоставление права"
        ],
        "chunk_id": "41"
    },
    {
        "label": "предоставление права",
        "abbreviation": "",
        "type": "Process",
        "hasStatement": [
            "предоставление права hasResult право исполнения обязательств",
            "предоставление права hasResource договоры",
            "предоставление права hasActor третьи лица",
            "предоставление права hasActor нко"
        ],
        "chunk_id": "41"
    },
    {
        "label": "обязательства нко",
        "abbreviation": "",
        "type": "Unknown",
        "hasStatement": [
            "обязательства нко isResourceOf исполнение обязательств",
            "обязательства нко isResourceOf выполнение обязательств по договору"
        ],
        "chunk_id": "41"
    },
    {
        "label": "договор",
        "abbreviation": "",
        "type": "Unknown",
        "hasStatement": [
            "договор isResourceOf выполнение обязательств по договору"
        ],
        "chunk_id": "41"
    },
    {
        "label": "договоры",
        "abbreviation": "",
        "type": "Resource",
        "hasStatement": [
            "договоры isResourceOf предоставление права"
        ],
        "chunk_id": "41"
    },
    {
        "label": "исполнение обязательств",
        "abbreviation": "",
        "type": "Process",
        "hasStatement": [
            "исполнение обязательств isPartOf выполнение обязательств по договору",
            "исполнение обязательств relation действия третьих лиц",
            "исполнение обязательств relation бездействия третьих лиц",
            "исполнение обязательств hasActor третьи лица",
            "исполнение обязательств hasResource обязательства нко"
        ],
        "chunk_id": "41"
    },
    {
        "label": "выполнение обязательств по Договору",
        "abbreviation": "",
        "type": "Process",
        "hasStatement": [
            "выполнение обязательств по договору hasPart исполнение обязательств",
            "выполнение обязательств по договору hasResponsible нко",
            "выполнение обязательств по договору hasActor получатель",
            "выполнение обязательств по договору hasResource договор",
            "выполнение обязательств по договору hasResource обязательства нко"
        ],
        "chunk_id": "41"
    },
    {
        "label": "действия третьих лиц",
        "abbreviation": "",
        "type": "Event",
        "hasStatement": [
            "действия третьих лиц relation третьи лица",
            "действия третьих лиц relation исполнение обязательств"
        ],
        "chunk_id": "41"
    },
    {
        "label": "бездействия третьих лиц",
        "abbreviation": "",
        "type": "Event",
        "hasStatement": [
            "бездействия третьих лиц relation третьи лица",
            "бездействия третьих лиц relation исполнение обязательств"
        ],
        "chunk_id": "41"
    }
]