[
    {
        "label": "Акт об оказании услуг",
        "abbreviation": "",
        "type": "Resource",
        "hasStatement": [
            "акт об оказании услуг isResultOf составление акта"
        ],
        "chunk_id": "12"
    },
    {
        "label": "составление акта",
        "abbreviation": "",
        "type": "Process",
        "hasStatement": [
            "составление акта hasResult акт об оказании услуг",
            "составление акта hasActor небанковская кредитная организация монета",
            "составление акта hasActor кугуелова ирина александровна",
            "составление акта hasResource устав",
            "составление акта hasActor получатель",
            "составление акта hasResource договор "
        ],
        "chunk_id": "12"
    },
    {
        "label": "Небанковская кредитная организация МОНЕТА",
        "abbreviation": "",
        "type": "Agent",
        "hasStatement": [
            "небанковская кредитная организация монета isActorOf составление акта",
            "небанковская кредитная организация монета relation кугуелова ирина александровна"
        ],
        "chunk_id": "12"
    },
    {
        "label": "Кугуелова Ирина Александровна",
        "abbreviation": "",
        "type": "Agent",
        "hasStatement": [
            "кугуелова ирина александровна isActorOf составление акта",
            "кугуелова ирина александровна relation небанковская кредитная организация монета"
        ],
        "chunk_id": "12"
    },
    {
        "label": "Устав",
        "abbreviation": "",
        "type": "Resource",
        "hasStatement": [
            "устав isResourceOf составление акта"
        ],
        "chunk_id": "12"
    },
    {
        "label": "Получатель",
        "abbreviation": "",
        "type": "Agent",
        "hasStatement": [
            "получатель isActorOf составление акта"
        ],
        "chunk_id": "12"
    },
    {
        "label": "Договор",
        "abbreviation": "",
        "type": "Resource",
        "hasStatement": [
            "договор  isResourceOf составление акта"
        ],
        "chunk_id": "12"
    }
]