[
    {
        "label": "информация",
        "abbreviation": "",
        "type": "Resource",
        "hasStatement": [
            "информация relation переводы",
            "информация relation перечисления"
        ],
        "chunk_id": "65"
    },
    {
        "label": "Переводы",
        "abbreviation": "",
        "type": "Resource",
        "hasStatement": [
            "переводы relation информация",
            "переводы isPartOf расчеты"
        ],
        "chunk_id": "65"
    },
    {
        "label": "Перечисления",
        "abbreviation": "",
        "type": "Resource",
        "hasStatement": [
            "перечисления relation информация",
            "перечисления isPartOf расчеты"
        ],
        "chunk_id": "65"
    },
    {
        "label": "расчеты",
        "abbreviation": "",
        "type": "Process",
        "hasStatement": [
            "расчеты hasPart переводы",
            "расчеты hasPart перечисления",
            "расчеты relation договор"
        ],
        "chunk_id": "65"
    },
    {
        "label": "Договор",
        "abbreviation": "",
        "type": "Resource",
        "hasStatement": [
            "договор relation расчеты",
            "договор hasPart раздел 7 договора"
        ],
        "chunk_id": "65"
    },
    {
        "label": "требования",
        "abbreviation": "",
        "type": "Resource",
        "hasStatement": [
            "требования isResourceOf формирование",
            "требования isResourceOf согласование",
            "требования isResourceOf подписание",
            "требования isPartOf раздел 7 договора"
        ],
        "chunk_id": "65"
    },
    {
        "label": "формирование",
        "abbreviation": "",
        "type": "Process",
        "hasStatement": [
            "формирование hasResource требования",
            "формирование hasResult акт"
        ],
        "chunk_id": "65"
    },
    {
        "label": "согласование",
        "abbreviation": "",
        "type": "Process",
        "hasStatement": [
            "согласование hasResource требования",
            "согласование hasResource акт"
        ],
        "chunk_id": "65"
    },
    {
        "label": "подписание",
        "abbreviation": "",
        "type": "Process",
        "hasStatement": [
            "подписание hasResource требования",
            "подписание hasResource акт"
        ],
        "chunk_id": "65"
    },
    {
        "label": "раздел 7 Договора",
        "abbreviation": "",
        "type": "Resource",
        "hasStatement": [
            "раздел 7 договора hasPart требования",
            "раздел 7 договора isPartOf договор"
        ],
        "chunk_id": "65"
    },
    {
        "label": "Акт",
        "abbreviation": "",
        "type": "Resource",
        "hasStatement": [
            "акт isResultOf формирование",
            "акт isResourceOf согласование",
            "акт isResourceOf подписание"
        ],
        "chunk_id": "65"
    }
]