[
    {
        "label": "Договор",
        "abbreviation": "",
        "type": "Resource",
        "hasStatement": [],
        "chunk_id": "93"
    },
    {
        "label": "стороны",
        "abbreviation": "",
        "type": "Unknown",
        "hasStatement": [
            "стороны isActorOf составление акта"
        ],
        "chunk_id": "93"
    },
    {
        "label": "акт",
        "abbreviation": "",
        "type": "Unknown",
        "hasStatement": [
            "акт isResultOf составление акта"
        ],
        "chunk_id": "93"
    },
    {
        "label": "Расторжение Договора",
        "abbreviation": "",
        "type": "Event",
        "hasStatement": [],
        "chunk_id": "93"
    },
    {
        "label": "обязательства",
        "abbreviation": "",
        "type": "Unknown",
        "hasStatement": [
            "обязательства relation нарушение договора"
        ],
        "chunk_id": "93"
    },
    {
        "label": "нарушение Договора",
        "abbreviation": "",
        "type": "Event",
        "hasStatement": [
            "нарушение договора relation обязательства"
        ],
        "chunk_id": "93"
    },
    {
        "label": "составление Акта",
        "abbreviation": "",
        "type": "Process",
        "hasStatement": [
            "составление акта hasActor стороны",
            "составление акта hasResult акт"
        ],
        "chunk_id": "93"
    }
]