[
    {
        "label": "Получатель",
        "abbreviation": "",
        "type": "Agent",
        "hasStatement": [
            "получатель Initiates регистрация получателя"
        ],
        "chunk_id": "35"
    },
    {
        "label": "Торговая площадка",
        "abbreviation": "",
        "type": "Agent",
        "hasStatement": [
            "торговая площадка isActorOf регистрация получателя",
            "торговая площадка isResponsibleFor распоряжение денежных средств"
        ],
        "chunk_id": "35"
    },
    {
        "label": "регистрация Получателя",
        "abbreviation": "",
        "type": "Process",
        "hasStatement": [
            "регистрация получателя hasActor торговая площадка",
            "регистрация получателя isPartOf подключение к системе монетару"
        ],
        "chunk_id": "35"
    },
    {
        "label": "Распоряжение денежными средствами",
        "abbreviation": "",
        "type": "Process",
        "hasStatement": [
            "распоряжение денежных средств hasResponsible торговая площадка",
            "распоряжение денежных средств isPartOf подключение к системе монетару",
            "распоряжение денежных средств hasResource денежные средства получателя"
        ],
        "chunk_id": "35"
    },
    {
        "label": "НКО",
        "abbreviation": "",
        "type": "Agent",
        "hasStatement": [
            "нко isActorOf предоставление нко данных"
        ],
        "chunk_id": "35"
    },
    {
        "label": "предоставление НКО данных",
        "abbreviation": "",
        "type": "Process",
        "hasStatement": [
            "предоставление нко данных hasActor нко",
            "предоставление нко данных isPartOf подключение к системе монетару",
            "предоставление нко данных hasResult данные о получателе",
            "предоставление нко данных hasResult данные о получателе"
        ],
        "chunk_id": "35"
    },
    {
        "label": "подключение к системе монетару",
        "abbreviation": "",
        "type": "Process",
        "hasStatement": [
            "подключение к системе монетару hasPart регистрация получателя",
            "подключение к системе монетару hasPart создание бизнес счета",
            "подключение к системе монетару hasPart предоставление нко данных",
            "подключение к системе монетару hasPart распоряжение денежных средств"
        ],
        "chunk_id": "35"
    },
    {
        "label": "создание Бизнес-счета",
        "abbreviation": "",
        "type": "Process",
        "hasStatement": [
            "создание бизнес счета isPartOf подключение к системе монетару",
            "создание бизнес счета hasResult бизнес счет",
            "создание бизнес счета hasResult бизнес счет"
        ],
        "chunk_id": "35"
    },
    {
        "label": "Бизнес-счет",
        "abbreviation": "",
        "type": "Resource",
        "hasStatement": [
            "бизнес счет isResultOf создание бизнес счета",
            "бизнес счет isResultOf создание бизнес счета"
        ],
        "chunk_id": "35"
    },
    {
        "label": "данные о Получателе",
        "abbreviation": "",
        "type": "Resource",
        "hasStatement": [
            "данные о получателе isResultOf предоставление нко данных",
            "данные о получателе isResultOf предоставление нко данных"
        ],
        "chunk_id": "35"
    },
    {
        "label": "РУ\"@ru",
        "abbreviation": "",
        "type": "Unknown",
        "hasStatement": [],
        "chunk_id": "35"
    },
    {
        "label": "Авторизационные данные",
        "abbreviation": "",
        "type": "Resource",
        "hasStatement": [],
        "chunk_id": "35"
    },
    {
        "label": "Платежный пароль",
        "abbreviation": "",
        "type": "Resource",
        "hasStatement": [],
        "chunk_id": "35"
    },
    {
        "label": "денежные средства Получателя",
        "abbreviation": "",
        "type": "Resource",
        "hasStatement": [
            "денежные средства получателя isResourceOf распоряжение денежных средств"
        ],
        "chunk_id": "35"
    }
]