[
    {
        "label": "юридическое лицо",
        "abbreviation": "",
        "type": "Agent",
        "hasStatement": [
            "юридическое лицо isActorOf перевод"
        ],
        "chunk_id": "70"
    },
    {
        "label": "Перевод",
        "abbreviation": "",
        "type": "Process",
        "hasStatement": [
            "перевод hasActor юридическое лицо"
        ],
        "chunk_id": "70"
    },
    {
        "label": "физическое лицо",
        "abbreviation": "",
        "type": "Agent",
        "hasStatement": [],
        "chunk_id": "70"
    }
]