[
    {
        "label": "НКО",
        "abbreviation": "",
        "type": "Agent",
        "hasStatement": [
            "нко isActorOf обмен информацией электронными документами",
            "нко isActorOf обмен информацией электронными документами"
        ],
        "chunk_id": "32"
    },
    {
        "label": "Обмен информацией и электронными документами",
        "abbreviation": "",
        "type": "Process",
        "hasStatement": [
            "обмен информацией электронными документами hasActor нко",
            "обмен информацией электронными документами hasActor получатель",
            "обмен информацией электронными документами hasResource сообщение",
            "обмен информацией электронными документами hasResult информация о результатах приема и обработки",
            "обмен информацией электронными документами hasActor нко",
            "обмен информацией электронными документами hasActor получатель",
            "обмен информацией электронными документами hasResource РУ\"@ru",
            "обмен информацией электронными документами hasPart регламент информационного обмена электронными"
        ],
        "chunk_id": "32"
    },
    {
        "label": "Получатель",
        "abbreviation": "",
        "type": "Agent",
        "hasStatement": [
            "получатель isActorOf обмен информацией электронными документами",
            "получатель isActorOf обмен информацией электронными документами"
        ],
        "chunk_id": "32"
    },
    {
        "label": "Сообщение",
        "abbreviation": "",
        "type": "Resource",
        "hasStatement": [
            "сообщение isResourceOf обмен информацией электронными документами"
        ],
        "chunk_id": "32"
    },
    {
        "label": "Информация о результатах приема и обработки",
        "abbreviation": "",
        "type": "Resource",
        "hasStatement": [
            "информация о результатах приема и обработки isResultOf обмен информацией электронными документами"
        ],
        "chunk_id": "32"
    },
    {
        "label": "система монета",
        "abbreviation": "",
        "type": "Unknown",
        "hasStatement": [],
        "chunk_id": "32"
    },
    {
        "label": "ру",
        "abbreviation": "",
        "type": "Resource",
        "hasStatement": [],
        "chunk_id": "32"
    },
    {
        "label": "РУ\"@ru",
        "abbreviation": "",
        "type": "Unknown",
        "hasStatement": [
            "РУ\"@ru isResourceOf обмен информацией электронными документами"
        ],
        "chunk_id": "32"
    },
    {
        "label": "Регламент информационного обмена электронными документами",
        "abbreviation": "",
        "type": "Resource",
        "hasStatement": [
            "регламент информационного обмена электронными isPartOf обмен информацией электронными документами"
        ],
        "chunk_id": "32"
    }
]