[
    {
        "label": "Сторона",
        "abbreviation": "",
        "type": "Agent",
        "hasStatement": [
            "сторона isActorOf расчеты по договору"
        ],
        "chunk_id": "66"
    },
    {
        "label": "расчеты по Договору",
        "abbreviation": "",
        "type": "Process",
        "hasStatement": [
            "расчеты по договору hasActor сторона",
            "расчеты по договору hasResource информация о переводах и перечисл"
        ],
        "chunk_id": "66"
    },
    {
        "label": "информация о Переводах и Перечислениях",
        "abbreviation": "",
        "type": "Resource",
        "hasStatement": [
            "информация о переводах и перечисл isResourceOf расчеты по договору"
        ],
        "chunk_id": "66"
    },
    {
        "label": "рекламные и информационные материалы",
        "abbreviation": "",
        "type": "Resource",
        "hasStatement": [],
        "chunk_id": "66"
    },
    {
        "label": "сайты в сети Интернет",
        "abbreviation": "",
        "type": "Resource",
        "hasStatement": [],
        "chunk_id": "66"
    },
    {
        "label": "фирменное наименование",
        "abbreviation": "",
        "type": "Resource",
        "hasStatement": [],
        "chunk_id": "66"
    },
    {
        "label": "логотип",
        "abbreviation": "",
        "type": "Resource",
        "hasStatement": [],
        "chunk_id": "66"
    },
    {
        "label": "средства индивидуализации",
        "abbreviation": "",
        "type": "Resource",
        "hasStatement": [],
        "chunk_id": "66"
    },
    {
        "label": "информация о том, что Стороны состоят в договорных правоотношениях",
        "abbreviation": "",
        "type": "Resource",
        "hasStatement": [],
        "chunk_id": "66"
    },
    {
        "label": "публично доступная информация",
        "abbreviation": "",
        "type": "Resource",
        "hasStatement": [],
        "chunk_id": "66"
    }
]