[
    {
        "label": "сверка",
        "abbreviation": "",
        "type": "Process",
        "hasStatement": [
            "сверка hasActor нко",
            "сверка hasResource расхождения"
        ],
        "chunk_id": "79"
    },
    {
        "label": "Получатель",
        "abbreviation": "",
        "type": "Agent",
        "hasStatement": [
            "получатель isActorOf повторная сверка"
        ],
        "chunk_id": "79"
    },
    {
        "label": "повторная сверка",
        "abbreviation": "",
        "type": "Process",
        "hasStatement": [
            "повторная сверка hasActor получатель"
        ],
        "chunk_id": "79"
    },
    {
        "label": "НКО",
        "abbreviation": "",
        "type": "Agent",
        "hasStatement": [
            "нко isActorOf сверка"
        ],
        "chunk_id": "79"
    },
    {
        "label": "расхождения",
        "abbreviation": "",
        "type": "Resource",
        "hasStatement": [
            "расхождения isResourceOf сверка"
        ],
        "chunk_id": "79"
    },
    {
        "label": "обращение",
        "abbreviation": "",
        "type": "Resource",
        "hasStatement": [],
        "chunk_id": "79"
    },
    {
        "label": "Акт",
        "abbreviation": "",
        "type": "Resource",
        "hasStatement": [
            "акт isResourceOf размещение исправленной версии акта"
        ],
        "chunk_id": "79"
    },
    {
        "label": "размещение исправленной версии Акта",
        "abbreviation": "",
        "type": "Process",
        "hasStatement": [
            "размещение исправленной версии акта hasResource акт",
            "размещение исправленной версии акта hasResource личный кабинет"
        ],
        "chunk_id": "79"
    },
    {
        "label": "Личный кабинет",
        "abbreviation": "",
        "type": "Resource",
        "hasStatement": [
            "личный кабинет isResourceOf размещение исправленной версии акта"
        ],
        "chunk_id": "79"
    },
    {
        "label": "уведомление",
        "abbreviation": "",
        "type": "Resource",
        "hasStatement": [
            "уведомление isResourceOf направление уведомления"
        ],
        "chunk_id": "79"
    },
    {
        "label": "направление уведомления",
        "abbreviation": "",
        "type": "Process",
        "hasStatement": [
            "направление уведомления hasResource уведомление",
            "направление уведомления hasResource электронная почта"
        ],
        "chunk_id": "79"
    },
    {
        "label": "электронная почта",
        "abbreviation": "",
        "type": "Resource",
        "hasStatement": [
            "электронная почта isResourceOf направление уведомления"
        ],
        "chunk_id": "79"
    },
    {
        "label": "подтверждение расхождений",
        "abbreviation": "",
        "type": "Event",
        "hasStatement": [
            "подтверждение расхождений Initiates размещение исправленной версии акта"
        ],
        "chunk_id": "79"
    },
    {
        "label": "отклонение расхождений",
        "abbreviation": "",
        "type": "Event",
        "hasStatement": [
            "отклонение расхождений Initiates направление уведомления"
        ],
        "chunk_id": "79"
    }
]