[
    {
        "label": "Договор",
        "abbreviation": "",
        "type": "Resource",
        "hasStatement": [
            "```ttl hasPart приложения к договору"
        ],
        "chunk_id": "98"
    },
    {
        "label": "приложения к Договору",
        "abbreviation": "",
        "type": "Resource",
        "hasStatement": [
            "приложения к договору isPartOf ```ttl",
            "приложения к договору isPartOf договор"
        ],
        "chunk_id": "98"
    },
    {
        "label": "Стороны",
        "abbreviation": "",
        "type": "Agent",
        "hasStatement": [
            "стороны isActorOf соглашение",
            "стороны isActorOf соглашение"
        ],
        "chunk_id": "98"
    },
    {
        "label": "соглашение",
        "abbreviation": "",
        "type": "Process",
        "hasStatement": [
            "соглашение hasActor стороны",
            "соглашение hasActor стороны"
        ],
        "chunk_id": "98"
    },
    {
        "label": "Получатель",
        "abbreviation": "",
        "type": "Agent",
        "hasStatement": [
            "получатель Initiates передача сведений"
        ],
        "chunk_id": "98"
    },
    {
        "label": "НКО",
        "abbreviation": "",
        "type": "Agent",
        "hasStatement": [
            "нко isActorOf передача сведений",
            "нко isActorOf передача сведений"
        ],
        "chunk_id": "98"
    },
    {
        "label": "передача сведений",
        "abbreviation": "",
        "type": "Process",
        "hasStatement": [
            "передача сведений hasActor нко",
            "передача сведений hasResource сведения о получателе",
            "передача сведений hasActor нко",
            "передача сведений hasResource сведения о получателе"
        ],
        "chunk_id": "98"
    },
    {
        "label": "сведения о Получателе",
        "abbreviation": "",
        "type": "Resource",
        "hasStatement": [
            "сведения о получателе isResourceOf передача сведений",
            "сведения о получателе isResourceOf передача информации в международные пла",
            "сведения о получателе isResourceOf передача сведений",
            "сведения о получателе isResourceOf передача информации в международные пла"
        ],
        "chunk_id": "98"
    },
    {
        "label": "передача информации в международные платежные системы",
        "abbreviation": "",
        "type": "Process",
        "hasStatement": [
            "передача информации в международные пла hasResource сведения о получателе",
            "передача информации в международные пла hasResource сведения о получателе"
        ],
        "chunk_id": "98"
    },
    {
        "label": "договор",
        "abbreviation": "",
        "type": "Unknown",
        "hasStatement": [
            "договор hasPart приложения к договору",
            "договор hasPart форма акта об оказании услуг",
            "договор hasPart регламент информационного обмена электронн",
            "договор hasPart порядок взаимодействия сторон при осу",
            "договор hasPart порядок взаимодействия сторон при по",
            "договор hasPart порядок взаимодействия сторон при ра",
            "договор hasPart требования к интернет-магазину получателя",
            "договор hasPart РУ",
            "договор hasPart РУ\"@ru"
        ],
        "chunk_id": "98"
    },
    {
        "label": "Форма Акта об оказании услуг",
        "abbreviation": "",
        "type": "Resource",
        "hasStatement": [
            "форма акта об оказании услуг isPartOf договор"
        ],
        "chunk_id": "98"
    },
    {
        "label": "Регламент информационного обмена электронными документами",
        "abbreviation": "",
        "type": "Resource",
        "hasStatement": [
            "регламент информационного обмена электронн isPartOf договор"
        ],
        "chunk_id": "98"
    },
    {
        "label": "Порядок взаимодействия Сторон при осуществлении Операции возврата Перевода",
        "abbreviation": "",
        "type": "Resource",
        "hasStatement": [
            "порядок взаимодействия сторон при осу isPartOf договор"
        ],
        "chunk_id": "98"
    },
    {
        "label": "Порядок взаимодействия Сторон при поступлении в НКО информации о реализации Получателем Запрещенных услуг",
        "abbreviation": "",
        "type": "Resource",
        "hasStatement": [
            "порядок взаимодействия сторон при по isPartOf договор"
        ],
        "chunk_id": "98"
    },
    {
        "label": "Порядок взаимодействия Сторон при рассмотрении заявлений Эмитента о совершении Недействительного перевода",
        "abbreviation": "",
        "type": "Resource",
        "hasStatement": [
            "порядок взаимодействия сторон при ра isPartOf договор"
        ],
        "chunk_id": "98"
    },
    {
        "label": "Требования к Интернет-магазину Получателя",
        "abbreviation": "",
        "type": "Resource",
        "hasStatement": [
            "требования к интернет-магазину получателя isPartOf договор"
        ],
        "chunk_id": "98"
    },
    {
        "label": "заявление о заключении договора о пере",
        "abbreviation": "",
        "type": "Resource",
        "hasStatement": [],
        "chunk_id": "98"
    },
    {
        "label": "РУ",
        "abbreviation": "",
        "type": "Unknown",
        "hasStatement": [
            "РУ isPartOf договор"
        ],
        "chunk_id": "98"
    },
    {
        "label": "варианты подключения получателя к сист",
        "abbreviation": "",
        "type": "Resource",
        "hasStatement": [],
        "chunk_id": "98"
    },
    {
        "label": "РУ\"@ru",
        "abbreviation": "",
        "type": "Unknown",
        "hasStatement": [
            "РУ\"@ru isPartOf договор"
        ],
        "chunk_id": "98"
    },
    {
        "label": "```",
        "abbreviation": "",
        "type": "Unknown",
        "hasStatement": [],
        "chunk_id": "98"
    }
]