[
    {
        "label": "регистрация получателя в системе монетару",
        "abbreviation": "",
        "type": "Process",
        "hasStatement": [
            "регистрация получателя в системе монетару hasActor торговая площадка"
        ],
        "chunk_id": "122"
    },
    {
        "label": "РУ\"@ru",
        "abbreviation": "",
        "type": "Unknown",
        "hasStatement": [],
        "chunk_id": "122"
    },
    {
        "label": "предоставление НКО данных о Получателе",
        "abbreviation": "",
        "type": "Process",
        "hasStatement": [
            "предоставление нко данных о получателе hasResource данные о получателе"
        ],
        "chunk_id": "122"
    },
    {
        "label": "создание Бизнес - счета для Получателя",
        "abbreviation": "",
        "type": "Process",
        "hasStatement": [
            "создание бизнес счета для получателя hasResult бизнес счет"
        ],
        "chunk_id": "122"
    },
    {
        "label": "Распоряжение денежными средствами Получателя",
        "abbreviation": "",
        "type": "Process",
        "hasStatement": [
            "распоряжение денежными средствами получател hasResource денежные средства получателя",
            "распоряжение денежными средствами получател hasResponsible торговая площадка"
        ],
        "chunk_id": "122"
    },
    {
        "label": "данные о Получателе",
        "abbreviation": "",
        "type": "Resource",
        "hasStatement": [
            "данные о получателе isResourceOf предоставление нко данных о получателе"
        ],
        "chunk_id": "122"
    },
    {
        "label": "Бизнес - счет",
        "abbreviation": "",
        "type": "Resource",
        "hasStatement": [
            "бизнес счет isResultOf создание бизнес счета для получателя"
        ],
        "chunk_id": "122"
    },
    {
        "label": "Авторизационные данные",
        "abbreviation": "",
        "type": "Resource",
        "hasStatement": [],
        "chunk_id": "122"
    },
    {
        "label": "Платежный пароль",
        "abbreviation": "",
        "type": "Resource",
        "hasStatement": [],
        "chunk_id": "122"
    },
    {
        "label": "денежные средства Получателя",
        "abbreviation": "",
        "type": "Resource",
        "hasStatement": [
            "денежные средства получателя isResourceOf распоряжение денежными средствами получател"
        ],
        "chunk_id": "122"
    },
    {
        "label": "Получатель",
        "abbreviation": "",
        "type": "Agent",
        "hasStatement": [],
        "chunk_id": "122"
    },
    {
        "label": "Торговая площадка",
        "abbreviation": "",
        "type": "Agent",
        "hasStatement": [
            "торговая площадка isActorOf регистрация получателя в системе монетару",
            "торговая площадка isResponsibleFor распоряжение денежными средствами получател"
        ],
        "chunk_id": "122"
    },
    {
        "label": "НКО",
        "abbreviation": "",
        "type": "Agent",
        "hasStatement": [],
        "chunk_id": "122"
    }
]