[
    {
        "label": "Авторизационные данные",
        "abbreviation": "",
        "type": "Resource",
        "hasStatement": [
            "авторизационные данные isResourceOf регистрация",
            "авторизационные данные hasResponsible получатель"
        ],
        "chunk_id": "1"
    },
    {
        "label": "регистрация",
        "abbreviation": "",
        "type": "Process",
        "hasStatement": [
            "регистрация hasResource авторизационные данные",
            "регистрация hasActor получатель"
        ],
        "chunk_id": "1"
    },
    {
        "label": "Получатель",
        "abbreviation": "",
        "type": "Agent",
        "hasStatement": [
            "получатель isActorOf регистрация",
            "получатель isResponsibleFor авторизационные данные"
        ],
        "chunk_id": "1"
    },
    {
        "label": "Аутентификационные данные",
        "abbreviation": "",
        "type": "Resource",
        "hasStatement": [],
        "chunk_id": "1"
    }
]