[
    {
        "label": "Информационный обмен",
        "abbreviation": "",
        "type": "Process",
        "hasStatement": [],
        "chunk_id": "14"
    },
    {
        "label": "контроль",
        "abbreviation": "",
        "type": "Process",
        "hasStatement": [
            "контроль hasResource электронные сообщения",
            "контроль hasActor стороны",
            "контроль hasResult обнаруженная ошибка"
        ],
        "chunk_id": "14"
    },
    {
        "label": "Аутентификационные данные",
        "abbreviation": "",
        "type": "Resource",
        "hasStatement": [
            "аутентификационные данные isResourceOf информационный обмен"
        ],
        "chunk_id": "14"
    },
    {
        "label": "информационный обмен",
        "abbreviation": "",
        "type": "Unknown",
        "hasStatement": [
            "информационный обмен hasResource аутентификационные данные",
            "информационный обмен hasResource электронные сообщения",
            "информационный обмен relation договор о переводах без открытия сче",
            "информационный обмен hasActor стороны"
        ],
        "chunk_id": "14"
    },
    {
        "label": "Электронные сообщения",
        "abbreviation": "",
        "type": "Resource",
        "hasStatement": [
            "электронные сообщения isResourceOf информационный обмен",
            "электронные сообщения isResourceOf контроль"
        ],
        "chunk_id": "14"
    },
    {
        "label": "подтверждение о приеме либо отказе в приеме ЭС",
        "abbreviation": "",
        "type": "Resource",
        "hasStatement": [],
        "chunk_id": "14"
    },
    {
        "label": "статус переданных сообщений",
        "abbreviation": "",
        "type": "Resource",
        "hasStatement": [],
        "chunk_id": "14"
    },
    {
        "label": "журнальные файлы",
        "abbreviation": "",
        "type": "Resource",
        "hasStatement": [],
        "chunk_id": "14"
    },
    {
        "label": "формы",
        "abbreviation": "",
        "type": "Resource",
        "hasStatement": [
            "формы hasResponsible нко"
        ],
        "chunk_id": "14"
    },
    {
        "label": "Договор между Сторонами",
        "abbreviation": "",
        "type": "Resource",
        "hasStatement": [],
        "chunk_id": "14"
    },
    {
        "label": "Договор о переводах без открытия счета",
        "abbreviation": "",
        "type": "Resource",
        "hasStatement": [
            "договор о переводах без открытия сче relation информационный обмен"
        ],
        "chunk_id": "14"
    },
    {
        "label": "Стороны",
        "abbreviation": "",
        "type": "Agent",
        "hasStatement": [
            "стороны isActorOf информационный обмен",
            "стороны isActorOf контроль"
        ],
        "chunk_id": "14"
    },
    {
        "label": "НКО",
        "abbreviation": "",
        "type": "Agent",
        "hasStatement": [
            "нко isResponsibleFor формы"
        ],
        "chunk_id": "14"
    },
    {
        "label": "обнаруженные ошибки",
        "abbreviation": "",
        "type": "Event",
        "hasStatement": [
            "обнаруженная ошибка isResultOf контроль"
        ],
        "chunk_id": "14"
    },
    {
        "label": "прием ЭС",
        "abbreviation": "",
        "type": "Event",
        "hasStatement": [],
        "chunk_id": "14"
    },
    {
        "label": "отказ в приеме ЭС",
        "abbreviation": "",
        "type": "Event",
        "hasStatement": [],
        "chunk_id": "14"
    },
    {
        "label": "```",
        "abbreviation": "",
        "type": "Unknown",
        "hasStatement": [],
        "chunk_id": "14"
    }
]