[
    {
        "label": "недействительный перевод",
        "abbreviation": "",
        "type": "Unknown",
        "hasStatement": [
            "недействительный перевод isResourceOf порядок взаимодействия сторон",
            "недействительный перевод relation плательщик",
            "недействительный перевод relation получатель"
        ],
        "chunk_id": "9"
    },
    {
        "label": "Порядок взаимодействия Сторон",
        "abbreviation": "",
        "type": "Process",
        "hasStatement": [
            "порядок взаимодействия сторон hasResource недействительный перевод",
            "порядок взаимодействия сторон hasActor стороны",
            "порядок взаимодействия сторон relation приложение 5"
        ],
        "chunk_id": "9"
    },
    {
        "label": "Плательщик",
        "abbreviation": "",
        "type": "Agent",
        "hasStatement": [
            "плательщик relation недействительный перевод"
        ],
        "chunk_id": "9"
    },
    {
        "label": "Получатель",
        "abbreviation": "",
        "type": "Agent",
        "hasStatement": [
            "получатель relation недействительный перевод"
        ],
        "chunk_id": "9"
    },
    {
        "label": "приложение 5",
        "abbreviation": "",
        "type": "Unknown",
        "hasStatement": [
            "приложение 5 relation порядок взаимодействия сторон"
        ],
        "chunk_id": "9"
    },
    {
        "label": "Стороны",
        "abbreviation": "",
        "type": "Agent",
        "hasStatement": [
            "стороны isActorOf порядок взаимодействия сторон"
        ],
        "chunk_id": "9"
    }
]