[
    {
        "label": "Операция возврата Перевода",
        "abbreviation": "",
        "type": "Process",
        "hasStatement": [
            "операция возврата перевода hasResource средство платежа",
            "операция возврата перевода hasPart информационно-технологическое взаимод",
            "операция возврата перевода relation порядок взаимодействия сторон"
        ],
        "chunk_id": "107"
    },
    {
        "label": "Средство платежа",
        "abbreviation": "",
        "type": "Resource",
        "hasStatement": [
            "средство платежа isResourceOf операция возврата перевода"
        ],
        "chunk_id": "107"
    },
    {
        "label": "НКО",
        "abbreviation": "",
        "type": "Agent",
        "hasStatement": [
            "нко isResponsibleFor информационно-технологическое взаимод",
            "нко relation порядок взаимодействия сторон"
        ],
        "chunk_id": "107"
    },
    {
        "label": "информационно-технологическое взаимодействие",
        "abbreviation": "",
        "type": "Process",
        "hasStatement": [
            "информационно-технологическое взаимод hasResponsible нко",
            "информационно-технологическое взаимод hasActor получатель",
            "информационно-технологическое взаимод hasActor эмитент",
            "информационно-технологическое взаимод isPartOf операция возврата перевода"
        ],
        "chunk_id": "107"
    },
    {
        "label": "Получатель",
        "abbreviation": "",
        "type": "Agent",
        "hasStatement": [
            "получатель isActorOf информационно-технологическое взаимод",
            "получатель relation порядок взаимодействия сторон"
        ],
        "chunk_id": "107"
    },
    {
        "label": "Эмитент",
        "abbreviation": "",
        "type": "Agent",
        "hasStatement": [
            "эмитент isActorOf информационно-технологическое взаимод"
        ],
        "chunk_id": "107"
    },
    {
        "label": "Порядок взаимодействия Сторон",
        "abbreviation": "",
        "type": "Resource",
        "hasStatement": [
            "порядок взаимодействия сторон relation операция возврата перевода",
            "порядок взаимодействия сторон relation нко",
            "порядок взаимодействия сторон relation получатель"
        ],
        "chunk_id": "107"
    }
]