[
    {
        "label": "Получатель",
        "abbreviation": "",
        "type": "Agent",
        "hasStatement": [
            "получатель relation некоммерческая организация"
        ],
        "chunk_id": "15"
    },
    {
        "label": "некоммерческая организация",
        "abbreviation": "",
        "type": "Agent",
        "hasStatement": [
            "некоммерческая организация relation получатель",
            "некоммерческая организация isActorOf принятие распоряжений"
        ],
        "chunk_id": "15"
    },
    {
        "label": "юридическое лицо",
        "abbreviation": "",
        "type": "Agent",
        "hasStatement": [
            "юридическое лицо isActorOf реализация услуг"
        ],
        "chunk_id": "15"
    },
    {
        "label": "реализация Услуг",
        "abbreviation": "",
        "type": "Process",
        "hasStatement": [
            "реализация услуг hasActor юридическое лицо",
            "реализация услуг hasActor физическое лицо",
            "реализация услуг hasActor индивидуальный предприниматель",
            "реализация услуг hasActor кредитная организация",
            "реализация услуг hasActor небанковская кредитная организац",
            "реализация услуг hasActor уполномоченное юридическое лицо",
            "реализация услуг hasResource сеть интернет"
        ],
        "chunk_id": "15"
    },
    {
        "label": "физическое лицо",
        "abbreviation": "",
        "type": "Agent",
        "hasStatement": [
            "физическое лицо isActorOf реализация услуг"
        ],
        "chunk_id": "15"
    },
    {
        "label": "индивидуальный предприниматель",
        "abbreviation": "",
        "type": "Agent",
        "hasStatement": [
            "индивидуальный предприниматель isActorOf реализация услуг"
        ],
        "chunk_id": "15"
    },
    {
        "label": "принятие Распоряжений",
        "abbreviation": "",
        "type": "Process",
        "hasStatement": [
            "принятие распоряжений hasActor некоммерческая организация",
            "принятие распоряжений hasResource распоряжения",
            "принятие распоряжений relation осуществление переводов"
        ],
        "chunk_id": "15"
    },
    {
        "label": "кредитная организация",
        "abbreviation": "",
        "type": "Agent",
        "hasStatement": [
            "кредитная организация isActorOf реализация услуг"
        ],
        "chunk_id": "15"
    },
    {
        "label": "небанковская кредитная организация",
        "abbreviation": "",
        "type": "Agent",
        "hasStatement": [
            "небанковская кредитная организац isActorOf реализация услуг"
        ],
        "chunk_id": "15"
    },
    {
        "label": "уполномоченное юридическое лицо",
        "abbreviation": "",
        "type": "Agent",
        "hasStatement": [
            "уполномоченное юридическое лицо isActorOf аккумулирование денежных средств",
            "уполномоченное юридическое лицо isActorOf реализация услуг"
        ],
        "chunk_id": "15"
    },
    {
        "label": "аккумулирование денежных средств",
        "abbreviation": "",
        "type": "Process",
        "hasStatement": [
            "аккумулирование денежных средств hasActor уполномоченное юридическое лицо",
            "аккумулирование денежных средств hasResource денежные средства",
            "аккумулирование денежных средств relation перечисление денежных средств"
        ],
        "chunk_id": "15"
    },
    {
        "label": "Услуги",
        "abbreviation": "",
        "type": "Resource",
        "hasStatement": [],
        "chunk_id": "15"
    },
    {
        "label": "сеть Интернет",
        "abbreviation": "",
        "type": "Resource",
        "hasStatement": [
            "сеть интернет isResourceOf реализация услуг"
        ],
        "chunk_id": "15"
    },
    {
        "label": "Распоряжения",
        "abbreviation": "",
        "type": "Resource",
        "hasStatement": [
            "распоряжения isResourceOf принятие распоряжений"
        ],
        "chunk_id": "15"
    },
    {
        "label": "денежные средства",
        "abbreviation": "",
        "type": "Resource",
        "hasStatement": [
            "денежные средства isResourceOf аккумулирование денежных средств",
            "денежные средства isResourceOf перечисление денежных средств",
            "денежные средства isResourceOf осуществление переводов"
        ],
        "chunk_id": "15"
    },
    {
        "label": "перечисление денежных средств",
        "abbreviation": "",
        "type": "Process",
        "hasStatement": [
            "перечисление денежных средств hasResource денежные средства",
            "перечисление денежных средств relation аккумулирование денежных средств"
        ],
        "chunk_id": "15"
    },
    {
        "label": "осуществление Переводов",
        "abbreviation": "",
        "type": "Process",
        "hasStatement": [
            "осуществление переводов hasResource денежные средства",
            "осуществление переводов relation принятие распоряжений"
        ],
        "chunk_id": "15"
    }
]