[
    {
        "label": "НКО",
        "abbreviation": "",
        "type": "Agent",
        "hasStatement": [],
        "chunk_id": "82"
    },
    {
        "label": "получатель",
        "abbreviation": "",
        "type": "Unknown",
        "hasStatement": [
            "получатель isResponsibleFor возмещение убытков",
            "получатель isResponsibleFor действия направленные против плательщиков",
            "получатель isResponsibleFor убытки"
        ],
        "chunk_id": "82"
    },
    {
        "label": "Плательщик",
        "abbreviation": "",
        "type": "Agent",
        "hasStatement": [],
        "chunk_id": "82"
    },
    {
        "label": "Перевод",
        "abbreviation": "",
        "type": "Process",
        "hasStatement": [
            "перевод hasResource платежные средства",
            "перевод relation действия направленные против плательщиков"
        ],
        "chunk_id": "82"
    },
    {
        "label": "Оплата Услуг",
        "abbreviation": "",
        "type": "Process",
        "hasStatement": [],
        "chunk_id": "82"
    },
    {
        "label": "Перечисление денежных средств",
        "abbreviation": "",
        "type": "Process",
        "hasStatement": [],
        "chunk_id": "82"
    },
    {
        "label": "Защита нарушенного права",
        "abbreviation": "",
        "type": "Process",
        "hasStatement": [],
        "chunk_id": "82"
    },
    {
        "label": "Возмещение убытков",
        "abbreviation": "",
        "type": "Process",
        "hasStatement": [
            "возмещение убытков hasResponsible получатель"
        ],
        "chunk_id": "82"
    },
    {
        "label": "Взыскание денежных средств",
        "abbreviation": "",
        "type": "Process",
        "hasStatement": [
            "взыскание денежных средств hasResult убытки",
            "взыскание денежных средств hasResource денежные средства",
            "взыскание денежных средств hasResource иное имущество"
        ],
        "chunk_id": "82"
    },
    {
        "label": "Управление Интернет-магазином",
        "abbreviation": "",
        "type": "Process",
        "hasStatement": [],
        "chunk_id": "82"
    },
    {
        "label": "Несоблюдение нормативных документов",
        "abbreviation": "",
        "type": "Process",
        "hasStatement": [
            "несоблюдение нормативных докумен hasResult убытки"
        ],
        "chunk_id": "82"
    },
    {
        "label": "Задержка Перевода",
        "abbreviation": "",
        "type": "Event",
        "hasStatement": [],
        "chunk_id": "82"
    },
    {
        "label": "Споры и разногласия",
        "abbreviation": "",
        "type": "Event",
        "hasStatement": [],
        "chunk_id": "82"
    },
    {
        "label": "Вина Получателя",
        "abbreviation": "",
        "type": "Event",
        "hasStatement": [],
        "chunk_id": "82"
    },
    {
        "label": "претензия",
        "abbreviation": "",
        "type": "Unknown",
        "hasStatement": [
            "претензия Initiates защита нарушенного права"
        ],
        "chunk_id": "82"
    },
    {
        "label": "действия направленные против плательщиков",
        "abbreviation": "",
        "type": "Unknown",
        "hasStatement": [
            "действия направленные против плательщиков hasResponsible получатель",
            "действия направленные против плательщиков relation перевод"
        ],
        "chunk_id": "82"
    },
    {
        "label": "Договор",
        "abbreviation": "",
        "type": "Resource",
        "hasStatement": [],
        "chunk_id": "82"
    },
    {
        "label": "Услуги",
        "abbreviation": "",
        "type": "Resource",
        "hasStatement": [],
        "chunk_id": "82"
    },
    {
        "label": "Предмет Договора",
        "abbreviation": "",
        "type": "Resource",
        "hasStatement": [],
        "chunk_id": "82"
    },
    {
        "label": "платежные средства",
        "abbreviation": "",
        "type": "Unknown",
        "hasStatement": [
            "платежные средства isResourceOf перевод"
        ],
        "chunk_id": "82"
    },
    {
        "label": "Инструкция",
        "abbreviation": "",
        "type": "Resource",
        "hasStatement": [],
        "chunk_id": "82"
    },
    {
        "label": "Нормативные документы НКО",
        "abbreviation": "",
        "type": "Resource",
        "hasStatement": [],
        "chunk_id": "82"
    },
    {
        "label": "убытки",
        "abbreviation": "",
        "type": "Unknown",
        "hasStatement": [
            "убытки hasResponsible получатель",
            "убытки isResultOf взыскание денежных средств",
            "убытки isResultOf несоблюдение нормативных докумен"
        ],
        "chunk_id": "82"
    },
    {
        "label": "денежные средства",
        "abbreviation": "",
        "type": "Unknown",
        "hasStatement": [
            "денежные средства isResourceOf взыскание денежных средств"
        ],
        "chunk_id": "82"
    },
    {
        "label": "иное имущество",
        "abbreviation": "",
        "type": "Unknown",
        "hasStatement": [
            "иное имущество isResourceOf взыскание денежных средств"
        ],
        "chunk_id": "82"
    },
    {
        "label": "Интернет-магазин",
        "abbreviation": "",
        "type": "Resource",
        "hasStatement": [],
        "chunk_id": "82"
    }
]