[
    {
        "label": "Переводы",
        "abbreviation": "",
        "type": "Resource",
        "hasStatement": [
            "переводы isResourceOf операции возврата перевода"
        ],
        "chunk_id": "53"
    },
    {
        "label": "Операции возврата Перевода",
        "abbreviation": "",
        "type": "Process",
        "hasStatement": [
            "операции возврата перевода hasResource переводы"
        ],
        "chunk_id": "53"
    },
    {
        "label": "Недействительные переводы",
        "abbreviation": "",
        "type": "Resource",
        "hasStatement": [
            "недействительные переводы relation суммы части суммы недействительных",
            "недействительные переводы relation убытки"
        ],
        "chunk_id": "53"
    },
    {
        "label": "Суммы/части суммы Недействительных переводов",
        "abbreviation": "",
        "type": "Resource",
        "hasStatement": [
            "суммы части суммы недействительных isResourceOf возмещение",
            "суммы части суммы недействительных relation недействительные переводы"
        ],
        "chunk_id": "53"
    },
    {
        "label": "Возмещение",
        "abbreviation": "",
        "type": "Process",
        "hasStatement": [
            "возмещение hasResource суммы части суммы недействительных",
            "возмещение hasResource убытки",
            "возмещение hasActor получатель"
        ],
        "chunk_id": "53"
    },
    {
        "label": "Убытки",
        "abbreviation": "",
        "type": "Resource",
        "hasStatement": [
            "убытки isResourceOf возмещение",
            "убытки relation недействительные переводы"
        ],
        "chunk_id": "53"
    },
    {
        "label": "Получатель",
        "abbreviation": "",
        "type": "Agent",
        "hasStatement": [
            "получатель isActorOf возмещение"
        ],
        "chunk_id": "53"
    },
    {
        "label": "НКО",
        "abbreviation": "",
        "type": "Agent",
        "hasStatement": [],
        "chunk_id": "53"
    }
]