[
    {
        "label": "Торговая площадка",
        "abbreviation": "",
        "type": "Agent",
        "hasStatement": [],
        "chunk_id": "61"
    },
    {
        "label": "Получатель",
        "abbreviation": "",
        "type": "Agent",
        "hasStatement": [],
        "chunk_id": "61"
    },
    {
        "label": "НКО",
        "abbreviation": "",
        "type": "Agent",
        "hasStatement": [
            "нко isActorOf установление ограничений перевода",
            "нко isActorOf аннулирование ограничения"
        ],
        "chunk_id": "61"
    },
    {
        "label": "установление ограничений перевода",
        "abbreviation": "",
        "type": "Process",
        "hasStatement": [
            "установление ограничений перевода hasActor нко",
            "установление ограничений перевода hasResource заявление об установлении"
        ],
        "chunk_id": "61"
    },
    {
        "label": "аннулирование ограничения",
        "abbreviation": "",
        "type": "Process",
        "hasStatement": [
            "аннулирование ограничения hasActor нко"
        ],
        "chunk_id": "61"
    },
    {
        "label": "волеизъявление об установлении ограничений перевода",
        "abbreviation": "",
        "type": "Resource",
        "hasStatement": [],
        "chunk_id": "61"
    },
    {
        "label": "заявление об установлении ограничений перевода",
        "abbreviation": "",
        "type": "Resource",
        "hasStatement": [
            "заявление об установлении isResourceOf установление ограничений перевода"
        ],
        "chunk_id": "61"
    },
    {
        "label": "ограничения перевода",
        "abbreviation": "",
        "type": "Resource",
        "hasStatement": [],
        "chunk_id": "61"
    },
    {
        "label": "заявление о снятии ограничений перевода",
        "abbreviation": "",
        "type": "Resource",
        "hasStatement": [
            "заявление о снятии isResourceOf снятие ограничений перевода"
        ],
        "chunk_id": "61"
    },
    {
        "label": "снятие ограничений перевода",
        "abbreviation": "",
        "type": "Process",
        "hasStatement": [
            "снятие ограничений перевода hasResource заявление о снятии"
        ],
        "chunk_id": "61"
    },
    {
        "label": "параметры",
        "abbreviation": "",
        "type": "Resource",
        "hasStatement": [],
        "chunk_id": "61"
    },
    {
        "label": "получение заявления об установлении ограничений перевода",
        "abbreviation": "",
        "type": "Event",
        "hasStatement": [
            "получение заявления об установл Initiates аннулирование ограничения",
            "получение заявления об установл Initiates установление ограничений перевода"
        ],
        "chunk_id": "61"
    }
]