[
    {
        "label": "```",
        "abbreviation": "",
        "type": "Unknown",
        "hasStatement": [],
        "chunk_id": "19"
    },
    {
        "label": "Получатель",
        "abbreviation": "",
        "type": "Agent",
        "hasStatement": [
            "получатель Initiates операция возврата перевода",
            "получатель isActorOf информационно-технологическое взаимодейс"
        ],
        "chunk_id": "19"
    },
    {
        "label": "информационно-технологическое взаимодействие",
        "abbreviation": "",
        "type": "Process",
        "hasStatement": [
            "информационно-технологическое взаимодейс hasActor получатель",
            "информационно-технологическое взаимодейс hasActor нко",
            "информационно-технологическое взаимодейс hasActor эмитент"
        ],
        "chunk_id": "19"
    },
    {
        "label": "Плательщик",
        "abbreviation": "",
        "type": "Agent",
        "hasStatement": [],
        "chunk_id": "19"
    },
    {
        "label": "Личный кабинет",
        "abbreviation": "",
        "type": "Resource",
        "hasStatement": [
            "личный кабинет isResourceOf операция возврата перевода"
        ],
        "chunk_id": "19"
    },
    {
        "label": "операция возврата перевода",
        "abbreviation": "",
        "type": "Unknown",
        "hasStatement": [
            "операция возврата перевода hasResource личный кабинет",
            "операция возврата перевода hasPart возврат денежных средств"
        ],
        "chunk_id": "19"
    },
    {
        "label": "НКО",
        "abbreviation": "",
        "type": "Agent",
        "hasStatement": [
            "нко isActorOf информационно-технологическое взаимодейс",
            "нко isActorOf возврат денежных средств"
        ],
        "chunk_id": "19"
    },
    {
        "label": "возврат денежных средств",
        "abbreviation": "",
        "type": "Process",
        "hasStatement": [
            "возврат денежных средств hasActor нко",
            "возврат денежных средств isPartOf операция возврата перевода",
            "возврат денежных средств hasResource денежные средства"
        ],
        "chunk_id": "19"
    },
    {
        "label": "денежные средства",
        "abbreviation": "",
        "type": "Resource",
        "hasStatement": [
            "денежные средства isResourceOf возврат денежных средств",
            "денежные средства isPartOf сумма перечисления"
        ],
        "chunk_id": "19"
    },
    {
        "label": "сумма Перечисления",
        "abbreviation": "",
        "type": "Resource",
        "hasStatement": [
            "сумма перечисления hasPart денежные средства"
        ],
        "chunk_id": "19"
    },
    {
        "label": "Эмитент",
        "abbreviation": "",
        "type": "Agent",
        "hasStatement": [
            "эмитент isActorOf информационно-технологическое взаимодейс"
        ],
        "chunk_id": "19"
    }
]