[
    {
        "label": "Акт",
        "abbreviation": "",
        "type": "Resource",
        "hasStatement": [],
        "chunk_id": "2"
    },
    {
        "label": "Бизнес-счет",
        "abbreviation": "",
        "type": "Resource",
        "hasStatement": [
            "бизнес счет relation положение банка россии 809 п"
        ],
        "chunk_id": "2"
    },
    {
        "label": "Положение Банка России № 809-П",
        "abbreviation": "",
        "type": "Resource",
        "hasStatement": [
            "положение банка россии 809 п relation бизнес счет"
        ],
        "chunk_id": "2"
    },
    {
        "label": "НКО",
        "abbreviation": "",
        "type": "Agent",
        "hasStatement": [],
        "chunk_id": "2"
    }
]