[
    {
        "label": "НКО",
        "abbreviation": "",
        "type": "Agent",
        "hasStatement": [
            "нко isActorOf отправка запроса"
        ],
        "chunk_id": "23"
    },
    {
        "label": "отправка Запроса",
        "abbreviation": "",
        "type": "Process",
        "hasStatement": [
            "отправка запроса hasActor нко",
            "отправка запроса hasResult запрос",
            "отправка запроса hasResult завершение отправки запроса"
        ],
        "chunk_id": "23"
    },
    {
        "label": "Получатель",
        "abbreviation": "",
        "type": "Agent",
        "hasStatement": [
            "получатель isActorOf направление сообщения"
        ],
        "chunk_id": "23"
    },
    {
        "label": "направление сообщения",
        "abbreviation": "",
        "type": "Process",
        "hasStatement": [
            "направление сообщения hasActor получатель",
            "направление сообщения hasResource адрес электронной почты",
            "направление сообщения isPartOf выполнение обязанности получателя"
        ],
        "chunk_id": "23"
    },
    {
        "label": "уполномоченный представитель Получателя",
        "abbreviation": "",
        "type": "Agent",
        "hasStatement": [
            "уполномоченный представитель получателя isActorOf предоставление документов и информации"
        ],
        "chunk_id": "23"
    },
    {
        "label": "предоставление документов и информации",
        "abbreviation": "",
        "type": "Process",
        "hasStatement": [
            "предоставление документов и информации hasActor уполномоченный представитель получателя",
            "предоставление документов и информации hasResource документы и информация",
            "предоставление документов и информации hasResource бумажный носитель",
            "предоставление документов и информации isPartOf выполнение обязанности получателя"
        ],
        "chunk_id": "23"
    },
    {
        "label": "Запрос",
        "abbreviation": "",
        "type": "Resource",
        "hasStatement": [
            "запрос isResultOf отправка запроса",
            "запрос relation документы и информация"
        ],
        "chunk_id": "23"
    },
    {
        "label": "документы и информация",
        "abbreviation": "",
        "type": "Resource",
        "hasStatement": [
            "документы и информация relation запрос",
            "документы и информация isResourceOf предоставление документов и информации"
        ],
        "chunk_id": "23"
    },
    {
        "label": "сообщение",
        "abbreviation": "",
        "type": "Resource",
        "hasStatement": [
            "сообщение hasPart копии документов и информации"
        ],
        "chunk_id": "23"
    },
    {
        "label": "отсканированные копии запрашиваемых НКО документов и информации",
        "abbreviation": "",
        "type": "Resource",
        "hasStatement": [
            "копии документов и информации isPartOf сообщение"
        ],
        "chunk_id": "23"
    },
    {
        "label": "адрес электронной почты",
        "abbreviation": "",
        "type": "Resource",
        "hasStatement": [
            "адрес электронной почты isResourceOf направление сообщения"
        ],
        "chunk_id": "23"
    },
    {
        "label": "бумажный носитель",
        "abbreviation": "",
        "type": "Resource",
        "hasStatement": [
            "бумажный носитель isResourceOf предоставление документов и информации"
        ],
        "chunk_id": "23"
    },
    {
        "label": "выполнение обязанности Получателя",
        "abbreviation": "",
        "type": "Process",
        "hasStatement": [
            "выполнение обязанности получателя hasPart направление сообщения",
            "выполнение обязанности получателя hasPart предоставление документов и информации"
        ],
        "chunk_id": "23"
    },
    {
        "label": "завершение отправки Запроса",
        "abbreviation": "",
        "type": "Event",
        "hasStatement": [
            "завершение отправки запроса isResultOf отправка запроса",
            "завершение отправки запроса Initiates выполнение обязанности получателя"
        ],
        "chunk_id": "23"
    }
]