[
    {
        "label": "НКО",
        "abbreviation": "",
        "type": "Agent",
        "hasStatement": [
            "нко Initiates приостановление действия договора"
        ],
        "chunk_id": "94"
    },
    {
        "label": "Получатель",
        "abbreviation": "",
        "type": "Agent",
        "hasStatement": [
            "получатель relation нарушения",
            "получатель relation нарушения"
        ],
        "chunk_id": "94"
    },
    {
        "label": "нарушения",
        "abbreviation": "",
        "type": "Resource",
        "hasStatement": [
            "нарушения relation получатель",
            "нарушения isResourceOf устранение нарушений",
            "нарушения relation получатель"
        ],
        "chunk_id": "94"
    },
    {
        "label": "приостановление действия Договора",
        "abbreviation": "",
        "type": "Process",
        "hasStatement": [
            "приостановление действия договора hasPart уведомление получателя",
            "приостановление действия договора hasResource договор"
        ],
        "chunk_id": "94"
    },
    {
        "label": "уведомление Получателя",
        "abbreviation": "",
        "type": "Process",
        "hasStatement": [
            "уведомление получателя isPartOf приостановление действия договора",
            "уведомление получателя hasPart размещение уведомления",
            "уведомление получателя hasResource электронный адрес"
        ],
        "chunk_id": "94"
    },
    {
        "label": "устранение нарушений",
        "abbreviation": "",
        "type": "Process",
        "hasStatement": [
            "устранение нарушений hasResource нарушения"
        ],
        "chunk_id": "94"
    },
    {
        "label": "размещение уведомления",
        "abbreviation": "",
        "type": "Process",
        "hasStatement": [
            "размещение уведомления isPartOf уведомление получателя",
            "размещение уведомления hasResource личный кабинет",
            "размещение уведомления hasResource уведомление"
        ],
        "chunk_id": "94"
    },
    {
        "label": "Договор",
        "abbreviation": "",
        "type": "Resource",
        "hasStatement": [
            "договор isResourceOf приостановление действия договора"
        ],
        "chunk_id": "94"
    },
    {
        "label": "электронный адрес",
        "abbreviation": "",
        "type": "Resource",
        "hasStatement": [
            "электронный адрес isResourceOf уведомление получателя"
        ],
        "chunk_id": "94"
    },
    {
        "label": "Личный кабинет",
        "abbreviation": "",
        "type": "Resource",
        "hasStatement": [
            "личный кабинет isResourceOf размещение уведомления"
        ],
        "chunk_id": "94"
    },
    {
        "label": "уведомление",
        "abbreviation": "",
        "type": "Resource",
        "hasStatement": [
            "уведомление isResourceOf размещение уведомления"
        ],
        "chunk_id": "94"
    }
]