[
    {
        "label": "разрешение споров",
        "abbreviation": "",
        "type": "Process",
        "hasStatement": [
            "разрешение споров hasPart переговоры",
            "разрешение споров hasActor стороны"
        ],
        "chunk_id": "87"
    },
    {
        "label": "переговоры",
        "abbreviation": "",
        "type": "Process",
        "hasStatement": [
            "переговоры isPartOf разрешение споров"
        ],
        "chunk_id": "87"
    },
    {
        "label": "рассмотрение претензий",
        "abbreviation": "",
        "type": "Process",
        "hasStatement": [
            "рассмотрение претензий hasResource претензии",
            "рассмотрение претензий hasResource письменные заявления",
            "рассмотрение претензий hasActor стороны"
        ],
        "chunk_id": "87"
    },
    {
        "label": "осуществление Переводов",
        "abbreviation": "",
        "type": "Process",
        "hasStatement": [
            "осуществление переводов hasResult разногласия"
        ],
        "chunk_id": "87"
    },
    {
        "label": "Договор",
        "abbreviation": "",
        "type": "Resource",
        "hasStatement": [],
        "chunk_id": "87"
    },
    {
        "label": "Претензии",
        "abbreviation": "",
        "type": "Resource",
        "hasStatement": [
            "претензии isResourceOf рассмотрение претензий",
            "претензии hasPart суммы причитающихся денежных сред",
            "претензии hasPart сроки их перечисления"
        ],
        "chunk_id": "87"
    },
    {
        "label": "суммы причитающихся денежных средств",
        "abbreviation": "",
        "type": "Resource",
        "hasStatement": [
            "суммы причитающихся денежных сред isPartOf претензии"
        ],
        "chunk_id": "87"
    },
    {
        "label": "сроки их перечисления",
        "abbreviation": "",
        "type": "Resource",
        "hasStatement": [
            "сроки их перечисления isPartOf претензии"
        ],
        "chunk_id": "87"
    },
    {
        "label": "письменные заявления",
        "abbreviation": "",
        "type": "Resource",
        "hasStatement": [
            "письменные заявления isResourceOf рассмотрение претензий"
        ],
        "chunk_id": "87"
    },
    {
        "label": "Стороны",
        "abbreviation": "",
        "type": "Agent",
        "hasStatement": [
            "стороны isActorOf разрешение споров",
            "стороны isActorOf рассмотрение претензий"
        ],
        "chunk_id": "87"
    },
    {
        "label": "возникновение споров",
        "abbreviation": "",
        "type": "Event",
        "hasStatement": [
            "возникновение споров Initiates разрешение споров"
        ],
        "chunk_id": "87"
    },
    {
        "label": "разногласия",
        "abbreviation": "",
        "type": "Event",
        "hasStatement": [
            "разногласия isResultOf осуществление переводов"
        ],
        "chunk_id": "87"
    }
]