[
    {
        "label": "НКО",
        "abbreviation": "",
        "type": "Agent",
        "hasStatement": [
            "нко isResponsibleFor распоряжение"
        ],
        "chunk_id": "31"
    },
    {
        "label": "Распоряжение",
        "abbreviation": "",
        "type": "Resource",
        "hasStatement": [
            "распоряжение hasResponsible нко"
        ],
        "chunk_id": "31"
    },
    {
        "label": "Эмитент",
        "abbreviation": "",
        "type": "Agent",
        "hasStatement": [
            "эмитент isResponsibleFor авторизация"
        ],
        "chunk_id": "31"
    },
    {
        "label": "Авторизация",
        "abbreviation": "",
        "type": "Resource",
        "hasStatement": [
            "авторизация hasResponsible эмитент"
        ],
        "chunk_id": "31"
    }
]