[
    {
        "label": "НКО",
        "abbreviation": "",
        "type": "Agent",
        "hasStatement": [
            "нко isActorOf рассмотрение заявлений эмитента",
            "нко isResponsibleFor требование",
            "нко isActorOf рассмотрение заявлений эмитента",
            "нко isActorOf направление требования"
        ],
        "chunk_id": "116"
    },
    {
        "label": "рассмотрение заявлений эмитента",
        "abbreviation": "",
        "type": "Process",
        "hasStatement": [
            "рассмотрение заявлений эмитента hasActor нко",
            "рассмотрение заявлений эмитента hasResource заявление эмитента",
            "рассмотрение заявлений эмитента hasResource недействительный перевод",
            "рассмотрение заявлений эмитента hasActor нко",
            "рассмотрение заявлений эмитента hasResource заявление эмитента",
            "рассмотрение заявлений эмитента hasPart направление требования"
        ],
        "chunk_id": "116"
    },
    {
        "label": "Требование",
        "abbreviation": "",
        "type": "Resource",
        "hasStatement": [
            "требование hasResponsible нко",
            "требование isResourceOf направление требования",
            "требование isResourceOf направление требования"
        ],
        "chunk_id": "116"
    },
    {
        "label": "Эмитент",
        "abbreviation": "",
        "type": "Agent",
        "hasStatement": [
            "эмитент isResponsibleFor заявление эмитента"
        ],
        "chunk_id": "116"
    },
    {
        "label": "Заявление Эмитента",
        "abbreviation": "",
        "type": "Resource",
        "hasStatement": [
            "заявление эмитента hasResponsible эмитент",
            "заявление эмитента isResourceOf рассмотрение заявлений эмитента",
            "заявление эмитента isResourceOf рассмотрение заявлений эмитента"
        ],
        "chunk_id": "116"
    },
    {
        "label": "Получатель",
        "abbreviation": "",
        "type": "Agent",
        "hasStatement": [
            "получатель isActorOf возврат суммы недействительного перевода",
            "получатель isResponsibleFor возврат суммы недействительного перевода",
            "получатель isActorOf возврат суммы недействительного перевода"
        ],
        "chunk_id": "116"
    },
    {
        "label": "возврат суммы недействительного перевода",
        "abbreviation": "",
        "type": "Process",
        "hasStatement": [
            "возврат суммы недействительного перевода hasActor получатель",
            "возврат суммы недействительного перевода hasResponsible получатель",
            "возврат суммы недействительного перевода hasActor получатель",
            "возврат суммы недействительного перевода hasResource недействительный перевод"
        ],
        "chunk_id": "116"
    },
    {
        "label": "Недействительный перевод",
        "abbreviation": "",
        "type": "Resource",
        "hasStatement": [
            "недействительный перевод isResourceOf рассмотрение заявлений эмитента",
            "недействительный перевод isResourceOf возврат суммы недействительного перевода"
        ],
        "chunk_id": "116"
    },
    {
        "label": "направление требования",
        "abbreviation": "",
        "type": "Process",
        "hasStatement": [
            "направление требования hasResource требование",
            "направление требования isPartOf рассмотрение заявлений эмитента",
            "направление требования hasActor нко",
            "направление требования hasResource требование"
        ],
        "chunk_id": "116"
    },
    {
        "label": "поступление заявления эмитента",
        "abbreviation": "",
        "type": "Event",
        "hasStatement": [
            "поступление заявления эмитента Initiates рассмотрение заявлений эмитента"
        ],
        "chunk_id": "116"
    }
]