[
    {
        "label": "НКО",
        "abbreviation": "",
        "type": "Agent",
        "hasStatement": [
            "нко isActorOf выплата пени"
        ],
        "chunk_id": "83"
    },
    {
        "label": "выплата пени",
        "abbreviation": "",
        "type": "Process",
        "hasStatement": [
            "выплата пени hasActor нко",
            "выплата пени hasResult пени",
            "выплата пени hasResource требование в письменной форме",
            "выплата пени hasResource перечисление денежных средств",
            "выплата пени hasResult пени"
        ],
        "chunk_id": "83"
    },
    {
        "label": "Получатель",
        "abbreviation": "",
        "type": "Agent",
        "hasStatement": [
            "получатель isActorOf выплата неустойки"
        ],
        "chunk_id": "83"
    },
    {
        "label": "выплата неустойки",
        "abbreviation": "",
        "type": "Process",
        "hasStatement": [
            "выплата неустойки hasActor получатель",
            "выплата неустойки hasResult неустойка",
            "выплата неустойки hasResult неустойка"
        ],
        "chunk_id": "83"
    },
    {
        "label": "пени",
        "abbreviation": "",
        "type": "Resource",
        "hasStatement": [
            "пени isResultOf выплата пени",
            "пени isResultOf выплата пени"
        ],
        "chunk_id": "83"
    },
    {
        "label": "неустойка",
        "abbreviation": "",
        "type": "Resource",
        "hasStatement": [
            "неустойка isResultOf выплата неустойки",
            "неустойка isResultOf выплата неустойки"
        ],
        "chunk_id": "83"
    },
    {
        "label": "требование в письменной форме",
        "abbreviation": "",
        "type": "Resource",
        "hasStatement": [
            "требование в письменной форме isResourceOf выплата пени"
        ],
        "chunk_id": "83"
    },
    {
        "label": "перечисление денежных средств",
        "abbreviation": "",
        "type": "Resource",
        "hasStatement": [
            "перечисление денежных средств isResourceOf выплата пени"
        ],
        "chunk_id": "83"
    },
    {
        "label": "просрочка исполнения обязательства НКО",
        "abbreviation": "",
        "type": "Event",
        "hasStatement": [
            "просрочка исполнения нко Initiates выплата пени"
        ],
        "chunk_id": "83"
    },
    {
        "label": "просрочка исполнения обязательства Получателя",
        "abbreviation": "",
        "type": "Event",
        "hasStatement": [
            "просрочка исполнения получателя Initiates выплата неустойки"
        ],
        "chunk_id": "83"
    },
    {
        "label": "получение требования НКО",
        "abbreviation": "",
        "type": "Event",
        "hasStatement": [
            "получение требования нко Initiates выплата пени"
        ],
        "chunk_id": "83"
    },
    {
        "label": "получение требования Получателя",
        "abbreviation": "",
        "type": "Event",
        "hasStatement": [
            "получение требования получателя Initiates выплата неустойки"
        ],
        "chunk_id": "83"
    }
]