[
    {
        "label": "Информационный обмен",
        "abbreviation": "",
        "type": "Process",
        "hasStatement": [
            "информационный обмен hasResource аутентификационные данные",
            "информационный обмен hasActor стороны",
            "информационный обмен hasResource электронные сообщения",
            "информационный обмен hasPart обработка эс",
            "информационный обмен hasResource журнальные файлы машин",
            "информационный обмен hasPart контроль за данными эс",
            "информационный обмен hasResource формы установленные нко",
            "информационный обмен hasPart сообщение об ошибках",
            "информационный обмен hasPart передача эс"
        ],
        "chunk_id": "103"
    },
    {
        "label": "Аутентификационные данные",
        "abbreviation": "",
        "type": "Resource",
        "hasStatement": [
            "аутентификационные данные isResourceOf информационный обмен"
        ],
        "chunk_id": "103"
    },
    {
        "label": "Стороны",
        "abbreviation": "",
        "type": "Agent",
        "hasStatement": [
            "стороны isActorOf информационный обмен",
            "стороны isActorOf контроль за данными эс",
            "стороны isActorOf сообщение об ошибках",
            "стороны isActorOf передача эс"
        ],
        "chunk_id": "103"
    },
    {
        "label": "Контроль за данными ЭС",
        "abbreviation": "",
        "type": "Process",
        "hasStatement": [
            "контроль за данными эс hasActor стороны",
            "контроль за данными эс isPartOf информационный обмен"
        ],
        "chunk_id": "103"
    },
    {
        "label": "Сообщение об ошибках",
        "abbreviation": "",
        "type": "Process",
        "hasStatement": [
            "сообщение об ошибках hasActor стороны",
            "сообщение об ошибках isPartOf информационный обмен"
        ],
        "chunk_id": "103"
    },
    {
        "label": "Передача ЭС",
        "abbreviation": "",
        "type": "Process",
        "hasStatement": [
            "передача эс hasActor стороны",
            "передача эс hasResource электронные сообщения",
            "передача эс isPartOf информационный обмен",
            "передача эс hasResult статус переданных сообщений"
        ],
        "chunk_id": "103"
    },
    {
        "label": "Электронные сообщения",
        "abbreviation": "",
        "type": "Resource",
        "hasStatement": [
            "электронные сообщения isResourceOf информационный обмен",
            "электронные сообщения isResourceOf передача эс"
        ],
        "chunk_id": "103"
    },
    {
        "label": "Обработка ЭС",
        "abbreviation": "",
        "type": "Process",
        "hasStatement": [
            "обработка эс isPartOf информационный обмен",
            "обработка эс hasResult подтверждение о приеме эс",
            "обработка эс hasResult отказ в приеме эс"
        ],
        "chunk_id": "103"
    },
    {
        "label": "Подтверждение о приеме ЭС",
        "abbreviation": "",
        "type": "Event",
        "hasStatement": [
            "подтверждение о приеме эс isResultOf обработка эс"
        ],
        "chunk_id": "103"
    },
    {
        "label": "Отказ в приеме ЭС",
        "abbreviation": "",
        "type": "Event",
        "hasStatement": [
            "отказ в приеме эс isResultOf обработка эс"
        ],
        "chunk_id": "103"
    },
    {
        "label": "Журнальные файлы машин",
        "abbreviation": "",
        "type": "Resource",
        "hasStatement": [
            "журнальные файлы машин isResourceOf информационный обмен"
        ],
        "chunk_id": "103"
    },
    {
        "label": "Обнаруженные ошибки",
        "abbreviation": "",
        "type": "Event",
        "hasStatement": [
            "обнаруженные ошибки Initiates сообщение об ошибках"
        ],
        "chunk_id": "103"
    },
    {
        "label": "Формы, установленные НКО",
        "abbreviation": "",
        "type": "Resource",
        "hasStatement": [
            "формы установленные нко isResourceOf информационный обмен",
            "формы установленные нко hasResponsible нко"
        ],
        "chunk_id": "103"
    },
    {
        "label": "НКО",
        "abbreviation": "",
        "type": "Agent",
        "hasStatement": [
            "нко isResponsibleFor формы установленные нко"
        ],
        "chunk_id": "103"
    },
    {
        "label": "Хранение ЭС",
        "abbreviation": "",
        "type": "Process",
        "hasStatement": [],
        "chunk_id": "103"
    },
    {
        "label": "Прекращение действия Договора",
        "abbreviation": "",
        "type": "Event",
        "hasStatement": [
            "прекращение действия договора Initiates хранение эс"
        ],
        "chunk_id": "103"
    },
    {
        "label": "Вступление в силу Договора",
        "abbreviation": "",
        "type": "Event",
        "hasStatement": [
            "вступление в силу договора Initiates информационный обмен",
            "вступление в силу договора Initiates информационно-технологическое взаимодей"
        ],
        "chunk_id": "103"
    },
    {
        "label": "Информационно-технологическое взаимодействие",
        "abbreviation": "",
        "type": "Process",
        "hasStatement": [],
        "chunk_id": "103"
    },
    {
        "label": "Статус переданных сообщений",
        "abbreviation": "",
        "type": "Event",
        "hasStatement": [
            "статус переданных сообщений isResultOf передача эс"
        ],
        "chunk_id": "103"
    }
]