[
    {
        "label": "Акт об оказании услуг",
        "abbreviation": "",
        "type": "Resource",
        "hasStatement": [
            "акт об оказании услуг isResultOf составление акта",
            "акт об оказании услуг isResultOf составление акта"
        ],
        "chunk_id": "101"
    },
    {
        "label": "составление акта",
        "abbreviation": "",
        "type": "Process",
        "hasStatement": [
            "составление акта hasResult акт об оказании услуг",
            "составление акта hasActor небанковская кредитная организация мон",
            "составление акта hasActor председатель правления кугуелова ирина",
            "составление акта hasActor получатель",
            "составление акта hasResource договор",
            "составление акта hasResource устав",
            "составление акта hasResult акт об оказании услуг"
        ],
        "chunk_id": "101"
    },
    {
        "label": "Небанковская кредитная организация «МОНЕТА»",
        "abbreviation": "",
        "type": "Agent",
        "hasStatement": [
            "небанковская кредитная организация мон isActorOf составление акта",
            "небанковская кредитная организация мон relation председатель правления кугуелова ирина"
        ],
        "chunk_id": "101"
    },
    {
        "label": "Председатель Правления Кугуелова Ирина Александровна",
        "abbreviation": "",
        "type": "Agent",
        "hasStatement": [
            "председатель правления кугуелова ирина isActorOf составление акта",
            "председатель правления кугуелова ирина relation небанковская кредитная организация мон"
        ],
        "chunk_id": "101"
    },
    {
        "label": "Получатель",
        "abbreviation": "",
        "type": "Agent",
        "hasStatement": [
            "получатель isActorOf составление акта"
        ],
        "chunk_id": "101"
    },
    {
        "label": "Договор",
        "abbreviation": "",
        "type": "Resource",
        "hasStatement": [
            "договор isResourceOf составление акта"
        ],
        "chunk_id": "101"
    },
    {
        "label": "Устав",
        "abbreviation": "",
        "type": "Resource",
        "hasStatement": [
            "устав isResourceOf составление акта"
        ],
        "chunk_id": "101"
    }
]