[
    {
        "label": "Стороны",
        "abbreviation": "",
        "type": "Agent",
        "hasStatement": [
            "стороны isActorOf информирование сторон",
            "стороны isActorOf извещение об изменениях"
        ],
        "chunk_id": "63"
    },
    {
        "label": "Информирование сторон",
        "abbreviation": "",
        "type": "Process",
        "hasStatement": [
            "информирование сторон hasActor стороны",
            "информирование сторон isPartOf исполнение договора"
        ],
        "chunk_id": "63"
    },
    {
        "label": "Извещение об изменениях",
        "abbreviation": "",
        "type": "Process",
        "hasStatement": [
            "извещение об изменениях hasActor стороны",
            "извещение об изменениях hasResource изменения адресов и реквизитов",
            "извещение об изменениях hasResult уведомление",
            "извещение об изменениях isPartOf исполнение договора"
        ],
        "chunk_id": "63"
    },
    {
        "label": "Договор",
        "abbreviation": "",
        "type": "Resource",
        "hasStatement": [],
        "chunk_id": "63"
    },
    {
        "label": "Обстоятельства, имеющие значение",
        "abbreviation": "",
        "type": "Event",
        "hasStatement": [],
        "chunk_id": "63"
    },
    {
        "label": "Изменения адресов и реквизитов",
        "abbreviation": "",
        "type": "Resource",
        "hasStatement": [
            "изменения адресов и реквизитов isResourceOf извещение об изменениях"
        ],
        "chunk_id": "63"
    },
    {
        "label": "Уведомление",
        "abbreviation": "",
        "type": "Resource",
        "hasStatement": [
            "уведомление isResultOf извещение об изменениях"
        ],
        "chunk_id": "63"
    },
    {
        "label": "Исполнение договора",
        "abbreviation": "",
        "type": "Process",
        "hasStatement": [
            "исполнение договора hasPart информирование сторон",
            "исполнение договора hasPart извещение об изменениях"
        ],
        "chunk_id": "63"
    }
]