[
    {
        "label": "сумма руб",
        "abbreviation": "",
        "type": "Resource",
        "hasStatement": [],
        "chunk_id": "102"
    },
    {
        "label": "\"@ru",
        "abbreviation": "",
        "type": "Unknown",
        "hasStatement": [],
        "chunk_id": "102"
    },
    {
        "label": "Сумма задолженности НКО перед Получателем на начало отчетного периода по переводам, принятым в предыдущих отчетных периодах",
        "abbreviation": "",
        "type": "Resource",
        "hasStatement": [],
        "chunk_id": "102"
    },
    {
        "label": "Сумма Переводов, принятых в адрес Получателя за отчетный период",
        "abbreviation": "",
        "type": "Resource",
        "hasStatement": [],
        "chunk_id": "102"
    },
    {
        "label": "количество принятых переводов шт",
        "abbreviation": "",
        "type": "Resource",
        "hasStatement": [],
        "chunk_id": "102"
    },
    {
        "label": "Перечислено Получателем в пользу НКО за отчетный период",
        "abbreviation": "",
        "type": "Process",
        "hasStatement": [],
        "chunk_id": "102"
    },
    {
        "label": "Сумма вознаграждения НКО за исполнение обязательств по Договору, удержанная за отчетный период (без НДС)",
        "abbreviation": "",
        "type": "Resource",
        "hasStatement": [],
        "chunk_id": "102"
    },
    {
        "label": "Сумма возвратов Переводов",
        "abbreviation": "",
        "type": "Resource",
        "hasStatement": [],
        "chunk_id": "102"
    },
    {
        "label": "количество возвратов переводов шт",
        "abbreviation": "",
        "type": "Resource",
        "hasStatement": [],
        "chunk_id": "102"
    },
    {
        "label": "Перечислено денежных средств НКО в пользу Получателя за отчетный период",
        "abbreviation": "",
        "type": "Process",
        "hasStatement": [],
        "chunk_id": "102"
    },
    {
        "label": "Сумма задолженности НКО перед Получателем на конец отчетного периода, подлежащая перечислению в следующем отчетном периоде",
        "abbreviation": "",
        "type": "Resource",
        "hasStatement": [],
        "chunk_id": "102"
    }
]