[
    {
        "label": "обработка персональных данных",
        "abbreviation": "",
        "type": "Process",
        "hasStatement": [
            "обработка персональных данных hasResource персональные данные получателя"
        ],
        "chunk_id": "49"
    },
    {
        "label": "персональные данные Получателя",
        "abbreviation": "",
        "type": "Resource",
        "hasStatement": [
            "персональные данные получателя isResourceOf обработка персональных данных",
            "персональные данные получателя isResourceOf передача персональных данных"
        ],
        "chunk_id": "49"
    },
    {
        "label": "передача персональных данных",
        "abbreviation": "",
        "type": "Process",
        "hasStatement": [
            "передача персональных данных hasResource персональные данные получателя",
            "передача персональных данных hasActor торговая площадка"
        ],
        "chunk_id": "49"
    },
    {
        "label": "Получатель",
        "abbreviation": "",
        "type": "Agent",
        "hasStatement": [
            "получатель Initiates передача персональных данных"
        ],
        "chunk_id": "49"
    },
    {
        "label": "Торговая площадка",
        "abbreviation": "",
        "type": "Agent",
        "hasStatement": [
            "торговая площадка isActorOf передача персональных данных"
        ],
        "chunk_id": "49"
    },
    {
        "label": "техническое сопровождение",
        "abbreviation": "",
        "type": "Process",
        "hasStatement": [
            "техническое сопровождение hasResource интернет магазин"
        ],
        "chunk_id": "49"
    },
    {
        "label": "Интернет-магазин",
        "abbreviation": "",
        "type": "Resource",
        "hasStatement": [
            "интернет магазин isResourceOf техническое сопровождение"
        ],
        "chunk_id": "49"
    },
    {
        "label": "запрос информации и документов",
        "abbreviation": "",
        "type": "Process",
        "hasStatement": [
            "запрос информации и документов hasResult информация и документы"
        ],
        "chunk_id": "49"
    },
    {
        "label": "информация и документы",
        "abbreviation": "",
        "type": "Resource",
        "hasStatement": [
            "информация и документы isResultOf запрос информации и документов"
        ],
        "chunk_id": "49"
    }
]