[
    {
        "label": "НКО",
        "abbreviation": "",
        "type": "Agent",
        "hasStatement": [
            "нко Initiates направление запроса",
            "нко isActorOf направление запроса",
            "нко isActorOf осуществление анализа",
            "нко isResponsibleFor информация"
        ],
        "chunk_id": "110"
    },
    {
        "label": "Направление запроса",
        "abbreviation": "",
        "type": "Process",
        "hasStatement": [
            "направление запроса hasActor нко",
            "направление запроса hasResult запрос",
            "направление запроса hasResult запрос"
        ],
        "chunk_id": "110"
    },
    {
        "label": "Осуществление анализа",
        "abbreviation": "",
        "type": "Process",
        "hasStatement": [
            "осуществление анализа hasActor нко",
            "осуществление анализа isResourceOf информация",
            "осуществление анализа isResourceOf документы",
            "осуществление анализа hasResource информация",
            "осуществление анализа hasResource документы"
        ],
        "chunk_id": "110"
    },
    {
        "label": "Информация",
        "abbreviation": "",
        "type": "Resource",
        "hasStatement": [
            "информация hasResponsible нко",
            "информация isResultOf предоставление информации",
            "информация hasResource осуществление анализа",
            "информация isResourceOf осуществление анализа"
        ],
        "chunk_id": "110"
    },
    {
        "label": "Получатель",
        "abbreviation": "",
        "type": "Agent",
        "hasStatement": [
            "получатель isActorOf реализация услуг"
        ],
        "chunk_id": "110"
    },
    {
        "label": "Реализация услуг",
        "abbreviation": "",
        "type": "Process",
        "hasStatement": [
            "реализация услуг hasActor получатель",
            "реализация услуг hasResource запрещенные услуги"
        ],
        "chunk_id": "110"
    },
    {
        "label": "Плательщик",
        "abbreviation": "",
        "type": "Agent",
        "hasStatement": [],
        "chunk_id": "110"
    },
    {
        "label": "Эмитент",
        "abbreviation": "",
        "type": "Agent",
        "hasStatement": [],
        "chunk_id": "110"
    },
    {
        "label": "Эквайрер",
        "abbreviation": "",
        "type": "Agent",
        "hasStatement": [],
        "chunk_id": "110"
    },
    {
        "label": "Взаимодействие сторон",
        "abbreviation": "",
        "type": "Process",
        "hasStatement": [],
        "chunk_id": "110"
    },
    {
        "label": "Запрос",
        "abbreviation": "",
        "type": "Resource",
        "hasStatement": [
            "запрос isResultOf направление запроса",
            "запрос isResultOf направление запроса"
        ],
        "chunk_id": "110"
    },
    {
        "label": "Предоставление информации",
        "abbreviation": "",
        "type": "Process",
        "hasStatement": [
            "предоставление информации hasResult информация"
        ],
        "chunk_id": "110"
    },
    {
        "label": "Предоставление документов",
        "abbreviation": "",
        "type": "Process",
        "hasStatement": [
            "предоставление документов hasResult документы"
        ],
        "chunk_id": "110"
    },
    {
        "label": "Документы",
        "abbreviation": "",
        "type": "Resource",
        "hasStatement": [
            "документы isResultOf предоставление документов",
            "документы hasResource осуществление анализа",
            "документы isResourceOf осуществление анализа"
        ],
        "chunk_id": "110"
    },
    {
        "label": "Оказание услуги",
        "abbreviation": "",
        "type": "Process",
        "hasStatement": [],
        "chunk_id": "110"
    },
    {
        "label": "Осуществление перевода",
        "abbreviation": "",
        "type": "Process",
        "hasStatement": [],
        "chunk_id": "110"
    },
    {
        "label": "Услуги",
        "abbreviation": "",
        "type": "Resource",
        "hasStatement": [],
        "chunk_id": "110"
    },
    {
        "label": "Запрещенные услуги",
        "abbreviation": "",
        "type": "Resource",
        "hasStatement": [
            "запрещенные услуги isResourceOf реализация услуг"
        ],
        "chunk_id": "110"
    },
    {
        "label": "Адрес электронной почты",
        "abbreviation": "",
        "type": "Resource",
        "hasStatement": [
            "адрес электронной почты relation личный кабинет"
        ],
        "chunk_id": "110"
    },
    {
        "label": "Личный кабинет",
        "abbreviation": "",
        "type": "Resource",
        "hasStatement": [
            "личный кабинет relation адрес электронной почты"
        ],
        "chunk_id": "110"
    },
    {
        "label": "Анализ",
        "abbreviation": "",
        "type": "Resource",
        "hasStatement": [],
        "chunk_id": "110"
    },
    {
        "label": "Поступление информации",
        "abbreviation": "",
        "type": "Event",
        "hasStatement": [
            "поступление информации Initiates направление запроса"
        ],
        "chunk_id": "110"
    }
]