[
    {
        "label": "Договор",
        "abbreviation": "",
        "type": "Resource",
        "hasStatement": [],
        "chunk_id": "90"
    },
    {
        "label": "Финансовая операция",
        "abbreviation": "",
        "type": "Process",
        "hasStatement": [
            "финансовая операция Initiates вступление договора в силу",
            "финансовая операция hasPart прием перевода плательщика",
            "финансовая операция hasPart пополнение счета получателя",
            "финансовая операция hasResult вступление договора в силу"
        ],
        "chunk_id": "90"
    },
    {
        "label": "Прием Перевода Плательщика",
        "abbreviation": "",
        "type": "Process",
        "hasStatement": [
            "прием перевода плательщика isPartOf финансовая операция"
        ],
        "chunk_id": "90"
    },
    {
        "label": "Пополнение счета Получателя",
        "abbreviation": "",
        "type": "Process",
        "hasStatement": [
            "пополнение счета получателя isPartOf финансовая операция"
        ],
        "chunk_id": "90"
    },
    {
        "label": "Получатель",
        "abbreviation": "",
        "type": "Agent",
        "hasStatement": [],
        "chunk_id": "90"
    },
    {
        "label": "Плательщик",
        "abbreviation": "",
        "type": "Agent",
        "hasStatement": [],
        "chunk_id": "90"
    },
    {
        "label": "Расторжение Договора",
        "abbreviation": "",
        "type": "Process",
        "hasStatement": [
            "расторжение договора isResourceOf соглашение сторон",
            "расторжение договора isResourceOf уведомление"
        ],
        "chunk_id": "90"
    },
    {
        "label": "Соглашение Сторон",
        "abbreviation": "",
        "type": "Resource",
        "hasStatement": [
            "соглашение сторон hasResource расторжение договора"
        ],
        "chunk_id": "90"
    },
    {
        "label": "Уведомление",
        "abbreviation": "",
        "type": "Resource",
        "hasStatement": [
            "уведомление hasResource расторжение договора"
        ],
        "chunk_id": "90"
    },
    {
        "label": "Сторона",
        "abbreviation": "",
        "type": "Agent",
        "hasStatement": [
            "сторона Initiates расторжение договора"
        ],
        "chunk_id": "90"
    },
    {
        "label": "Получение уведомления",
        "abbreviation": "",
        "type": "Event",
        "hasStatement": [
            "получение уведомления Initiates прекращение приема распоряжений"
        ],
        "chunk_id": "90"
    },
    {
        "label": "Прием Распоряжений",
        "abbreviation": "",
        "type": "Process",
        "hasStatement": [
            "прием распоряжений isPartOf осуществление переводов"
        ],
        "chunk_id": "90"
    },
    {
        "label": "Осуществление Переводов",
        "abbreviation": "",
        "type": "Process",
        "hasStatement": [
            "осуществление переводов hasPart прием распоряжений"
        ],
        "chunk_id": "90"
    },
    {
        "label": "Прекращение приема Распоряжений",
        "abbreviation": "",
        "type": "Process",
        "hasStatement": [],
        "chunk_id": "90"
    },
    {
        "label": "НКО/Получатель",
        "abbreviation": "",
        "type": "Agent",
        "hasStatement": [],
        "chunk_id": "90"
    },
    {
        "label": "Вступление Договора в силу",
        "abbreviation": "",
        "type": "Event",
        "hasStatement": [
            "вступление договора в силу isResultOf финансовая операция"
        ],
        "chunk_id": "90"
    }
]