[
    {
        "label": "Небанковская кредитная организация «МОНЕТА» (общество с ограниченной ответственностью)",
        "abbreviation": "",
        "type": "Agent",
        "hasStatement": [
            "небанковская кредитная организация isResponsibleFor инн",
            "небанковская кредитная организация isResponsibleFor кпп",
            "небанковская кредитная организация isResponsibleFor оквэд",
            "небанковская кредитная организация isResponsibleFor окпо",
            "небанковская кредитная организация isResponsibleFor юридический адрес",
            "небанковская кредитная организация isResponsibleFor почтовый адрес",
            "небанковская кредитная организация isResponsibleFor e mail"
        ],
        "chunk_id": "100"
    },
    {
        "label": "ИНН",
        "abbreviation": "",
        "type": "Resource",
        "hasStatement": [
            "инн hasResponsible небанковская кредитная организация"
        ],
        "chunk_id": "100"
    },
    {
        "label": "КПП",
        "abbreviation": "",
        "type": "Resource",
        "hasStatement": [
            "кпп hasResponsible небанковская кредитная организация"
        ],
        "chunk_id": "100"
    },
    {
        "label": "ОКВЭД",
        "abbreviation": "",
        "type": "Resource",
        "hasStatement": [
            "оквэд hasResponsible небанковская кредитная организация"
        ],
        "chunk_id": "100"
    },
    {
        "label": "ОКПО",
        "abbreviation": "",
        "type": "Resource",
        "hasStatement": [
            "окпо hasResponsible небанковская кредитная организация"
        ],
        "chunk_id": "100"
    },
    {
        "label": "Юридический адрес",
        "abbreviation": "",
        "type": "Resource",
        "hasStatement": [
            "юридический адрес hasResponsible небанковская кредитная организация"
        ],
        "chunk_id": "100"
    },
    {
        "label": "Почтовый адрес",
        "abbreviation": "",
        "type": "Resource",
        "hasStatement": [
            "почтовый адрес hasResponsible небанковская кредитная организация"
        ],
        "chunk_id": "100"
    },
    {
        "label": "e-mail",
        "abbreviation": "",
        "type": "Resource",
        "hasStatement": [
            "e mail hasResponsible небанковская кредитная организация"
        ],
        "chunk_id": "100"
    },
    {
        "label": "Договор о переводах без открытия банковского счета",
        "abbreviation": "",
        "type": "Resource",
        "hasStatement": [
            "договор о переводах без открытия hasPart приложение 1"
        ],
        "chunk_id": "100"
    },
    {
        "label": "Приложение №1",
        "abbreviation": "",
        "type": "Resource",
        "hasStatement": [
            "приложение 1 isPartOf договор о переводах без открытия"
        ],
        "chunk_id": "100"
    },
    {
        "label": "ФОРМА АКТА ОБ ОКАЗАНИИ УСЛУГ",
        "abbreviation": "",
        "type": "Resource",
        "hasStatement": [],
        "chunk_id": "100"
    }
]